MMSI,dark_events,last_position
205097000,1,2022-03-31 23:59:25+00:00
209316000,1,2022-03-31 22:01:04+00:00
209513000,1,2022-03-31 23:16:11+00:00
210786000,1,2022-03-31 20:03:50+00:00
211785580,1,2022-03-31 21:43:20+00:00
212275000,1,2022-03-31 23:51:57+00:00
212439000,1,2022-03-31 09:44:47+00:00
212790000,1,2022-03-31 22:32:24+00:00
215287000,1,2022-03-31 19:04:11+00:00
215478000,1,2022-03-31 15:22:52+00:00
215487000,1,2022-03-31 19:40:06+00:00
215685000,1,2022-03-31 09:32:45+00:00
215832000,1,2022-03-31 12:08:22+00:00
215936000,2,2022-03-31 22:36:30+00:00
219027133,1,2022-03-31 17:32:46+00:00
219028425,1,2022-03-31 20:40:19+00:00
227533980,1,2022-03-31 12:30:43+00:00
229685000,1,2022-03-31 23:59:54+00:00
232006316,1,2022-03-31 19:39:20+00:00
232027226,1,2022-03-31 11:14:44+00:00
232032457,1,2022-03-31 14:51:31+00:00
232039291,1,2022-03-31 09:02:08+00:00
234889000,1,2022-03-31 17:02:57+00:00
235106302,1,2022-03-31 20:00:28+00:00
236111902,1,2022-03-31 08:47:20+00:00
236112658,1,2022-03-31 18:19:02+00:00
236112682,1,2022-03-31 17:56:11+00:00
240991000,1,2022-03-31 14:33:38+00:00
241139000,1,2022-03-31 19:10:07+00:00
244040000,1,2022-03-31 12:56:26+00:00
244170635,1,2022-03-31 11:00:53+00:00
245953000,1,2022-03-31 08:48:05+00:00
246660000,1,2022-03-31 15:05:34+00:00
247282900,1,2022-03-31 18:16:45+00:00
248135000,1,2022-03-31 21:57:29+00:00
248152000,1,2022-03-31 13:14:04+00:00
248732000,1,2022-03-31 22:16:59+00:00
249347000,1,2022-03-31 16:25:00+00:00
255805676,1,2022-03-31 18:07:56+00:00
255805854,1,2022-03-31 14:17:02+00:00
255805869,1,2022-03-31 23:59:24+00:00
255806031,1,2022-03-31 23:01:12+00:00
257384000,1,2022-03-31 21:50:13+00:00
258018280,1,2022-03-31 11:38:53+00:00
258628000,1,2022-03-31 23:59:07+00:00
259099000,1,2022-03-31 23:30:13+00:00
261084080,1,2022-03-31 23:54:40+00:00
275508000,1,2022-03-31 19:39:02+00:00
300000000,1,2022-03-31 10:36:05+00:00
303366000,1,2022-03-31 13:06:11+00:00
303431000,1,2022-03-31 13:02:32+00:00
303533000,1,2022-03-31 20:31:20+00:00
304010937,1,2022-03-31 22:27:32+00:00
305146000,1,2022-03-31 19:56:28+00:00
306812000,1,2022-03-31 19:52:11+00:00
308017000,1,2022-03-31 18:16:03+00:00
308865000,1,2022-03-31 18:14:59+00:00
309822000,1,2022-03-31 20:06:41+00:00
310376000,1,2022-03-31 21:40:26+00:00
310380030,1,2022-03-31 22:47:54+00:00
311000251,1,2022-03-31 23:59:17+00:00
311000274,1,2022-03-31 22:02:29+00:00
311000346,1,2022-03-31 08:49:14+00:00
311000379,1,2022-03-31 19:34:57+00:00
311000421,1,2022-03-31 23:59:34+00:00
311000616,1,2022-03-31 20:21:48+00:00
311000617,1,2022-03-31 20:31:03+00:00
311000618,1,2022-03-31 20:06:19+00:00
311000746,1,2022-03-31 16:12:34+00:00
311000808,1,2022-03-31 22:38:47+00:00
311000879,1,2022-03-31 17:56:21+00:00
311001077,1,2022-03-31 21:11:33+00:00
311011500,1,2022-03-31 20:04:30+00:00
311492000,1,2022-03-31 21:33:53+00:00
311594000,1,2022-03-31 23:59:47+00:00
311929000,1,2022-03-31 20:18:36+00:00
311963000,1,2022-03-31 21:30:17+00:00
314447000,1,2022-03-31 06:55:27+00:00
314450000,1,2022-03-31 21:21:46+00:00
316001022,1,2022-03-31 18:08:14+00:00
316001152,1,2022-03-31 17:07:14+00:00
316001236,1,2022-03-31 14:32:07+00:00
316001271,1,2022-03-31 18:32:56+00:00
316001416,1,2022-03-31 16:08:38+00:00
316001449,1,2022-03-31 13:38:43+00:00
316001649,1,2022-03-31 20:50:56+00:00
316001655,1,2022-03-31 18:53:45+00:00
316001749,1,2022-03-31 18:42:16+00:00
316001828,1,2022-03-31 20:10:18+00:00
316002873,1,2022-03-31 23:57:09+00:00
316003880,1,2022-03-31 13:56:35+00:00
316004946,1,2022-03-31 16:37:07+00:00
316004971,1,2022-03-31 12:58:34+00:00
316005064,1,2022-03-31 14:10:37+00:00
316005159,2,2022-03-31 22:12:14+00:00
316005551,1,2022-03-31 22:17:08+00:00
316005621,1,2022-03-31 22:51:03+00:00
316006651,1,2022-03-31 14:56:38+00:00
316009175,1,2022-03-31 18:34:40+00:00
316009219,1,2022-03-31 12:20:25+00:00
316011736,1,2022-03-31 13:05:53+00:00
316012198,1,2022-03-31 13:48:18+00:00
316014646,1,2022-03-31 14:36:13+00:00
316016060,1,2022-03-31 15:23:18+00:00
316018619,1,2022-03-31 14:14:53+00:00
316020762,1,2022-03-31 22:31:20+00:00
316021821,2,2022-03-31 23:06:47+00:00
316023662,2,2022-03-31 23:35:31+00:00
316023945,2,2022-03-31 21:13:12+00:00
316024041,1,2022-03-31 14:48:43+00:00
316024446,1,2022-03-31 13:06:23+00:00
316025623,1,2022-03-31 15:29:09+00:00
316027036,1,2022-03-31 20:03:29+00:00
316027208,1,2022-03-31 19:00:05+00:00
316027744,1,2022-03-31 13:07:33+00:00
316028254,1,2022-03-31 12:19:43+00:00
316028722,1,2022-03-31 14:16:33+00:00
316028723,1,2022-03-31 21:23:08+00:00
316030567,1,2022-03-31 13:18:56+00:00
316030627,1,2022-03-31 13:28:30+00:00
316030636,1,2022-03-31 13:26:51+00:00
316030644,1,2022-03-31 13:43:19+00:00
316032244,1,2022-03-31 22:34:55+00:00
316032599,1,2022-03-31 13:03:28+00:00
316033488,1,2022-03-31 18:18:45+00:00
316034073,1,2022-03-31 14:57:16+00:00
316035869,1,2022-03-31 15:09:30+00:00
316035878,1,2022-03-31 19:57:20+00:00
316036598,1,2022-03-31 13:48:43+00:00
316036809,1,2022-03-31 18:02:09+00:00
316037111,1,2022-03-31 13:38:28+00:00
316038777,1,2022-03-31 12:08:45+00:00
316038839,1,2022-03-31 21:49:11+00:00
316039242,1,2022-03-31 09:02:53+00:00
316041384,1,2022-03-31 23:59:15+00:00
316041691,1,2022-03-31 14:48:08+00:00
316041703,1,2022-03-31 17:28:56+00:00
316041902,1,2022-03-31 19:20:05+00:00
316042032,1,2022-03-31 16:30:56+00:00
316042119,1,2022-03-31 14:26:58+00:00
316042159,1,2022-03-31 20:18:11+00:00
316042989,1,2022-03-31 10:55:30+00:00
316043988,1,2022-03-31 22:40:10+00:00
316044278,1,2022-03-31 22:45:09+00:00
316044568,1,2022-03-31 19:27:17+00:00
316045625,1,2022-03-31 19:50:00+00:00
316046073,1,2022-03-31 21:44:09+00:00
316047178,1,2022-03-31 18:05:22+00:00
316047896,1,2022-03-31 23:26:39+00:00
316048139,1,2022-03-31 14:53:41+00:00
319014200,1,2022-03-31 20:04:51+00:00
319095500,1,2022-03-31 22:50:49+00:00
319137700,1,2022-03-31 14:22:20+00:00
319156200,1,2022-03-31 09:27:16+00:00
319214900,1,2022-03-31 12:18:36+00:00
319409000,1,2022-03-31 23:59:47+00:00
319468000,1,2022-03-31 09:13:44+00:00
338051404,1,2022-03-31 17:00:33+00:00
338073847,1,2022-03-31 22:18:01+00:00
338080722,1,2022-03-31 23:24:44+00:00
338095872,2,2022-03-31 22:09:11+00:00
338100408,1,2022-03-31 18:32:32+00:00
338100519,1,2022-03-31 12:12:31+00:00
338104000,1,2022-03-31 18:12:48+00:00
338105181,1,2022-03-31 19:11:34+00:00
338107856,1,2022-03-31 16:00:05+00:00
338128587,1,2022-03-31 13:22:58+00:00
338134031,1,2022-03-31 12:09:21+00:00
338135301,1,2022-03-31 11:38:41+00:00
338138088,1,2022-03-31 12:33:13+00:00
338141134,1,2022-03-31 14:27:48+00:00
338143066,1,2022-03-31 21:06:01+00:00
338143176,1,2022-03-31 09:18:48+00:00
338143945,1,2022-03-31 12:10:48+00:00
338145389,1,2022-03-31 18:21:28+00:00
338145686,1,2022-03-31 15:20:46+00:00
338145691,1,2022-03-31 14:04:59+00:00
338162845,1,2022-03-31 23:59:29+00:00
338165157,1,2022-03-31 13:29:55+00:00
338165279,1,2022-03-31 16:22:34+00:00
338168229,1,2022-03-31 13:41:46+00:00
338184034,2,2022-03-31 19:44:44+00:00
338186931,2,2022-03-31 20:51:57+00:00
338188875,1,2022-03-31 12:08:39+00:00
338193652,1,2022-03-31 23:59:36+00:00
338197593,1,2022-03-31 15:48:32+00:00
338201245,1,2022-03-31 11:46:58+00:00
338202093,2,2022-03-31 22:48:26+00:00
338204407,1,2022-03-31 12:09:58+00:00
338205064,1,2022-03-31 15:41:30+00:00
338205428,1,2022-03-31 16:29:27+00:00
338221000,1,2022-03-31 21:05:11+00:00
338223442,1,2022-03-31 09:24:12+00:00
338224747,1,2022-03-31 21:39:03+00:00
338228002,1,2022-03-31 23:20:23+00:00
338228202,1,2022-03-31 21:21:20+00:00
338228436,1,2022-03-31 10:45:01+00:00
338229192,1,2022-03-31 12:10:49+00:00
338232644,1,2022-03-31 15:23:46+00:00
338233741,1,2022-03-31 13:20:46+00:00
338234542,1,2022-03-31 18:06:31+00:00
338235551,1,2022-03-31 21:13:49+00:00
338237796,1,2022-03-31 08:54:57+00:00
338247363,1,2022-03-31 23:14:04+00:00
338250173,1,2022-03-31 14:27:58+00:00
338250683,1,2022-03-31 14:58:50+00:00
338301303,1,2022-03-31 18:12:25+00:00
338302002,1,2022-03-31 10:25:20+00:00
338302064,1,2022-03-31 21:29:12+00:00
338303073,1,2022-03-31 12:19:44+00:00
338303778,1,2022-03-31 19:56:43+00:00
338328291,1,2022-03-31 12:08:43+00:00
338330514,1,2022-03-31 19:37:05+00:00
338330978,2,2022-03-31 22:04:59+00:00
338332085,1,2022-03-31 16:27:47+00:00
338334114,1,2022-03-31 14:25:32+00:00
338339871,1,2022-03-31 22:52:46+00:00
338343000,1,2022-03-31 18:42:42+00:00
338344964,1,2022-03-31 23:59:26+00:00
338347048,1,2022-03-31 19:59:31+00:00
338354421,1,2022-03-31 17:22:57+00:00
338354787,1,2022-03-31 13:04:18+00:00
338354886,1,2022-03-31 21:32:24+00:00
338361141,1,2022-03-31 18:20:23+00:00
338362997,1,2022-03-31 21:06:24+00:00
338363672,1,2022-03-31 16:19:36+00:00
338374192,1,2022-03-31 19:13:12+00:00
338380024,1,2022-03-31 10:27:41+00:00
338381143,1,2022-03-31 15:43:46+00:00
338381525,1,2022-03-31 23:20:59+00:00
338383211,1,2022-03-31 21:44:35+00:00
338384092,1,2022-03-31 17:50:57+00:00
338384468,1,2022-03-31 12:44:34+00:00
338387341,1,2022-03-31 12:11:32+00:00
338387749,1,2022-03-31 12:37:30+00:00
338391943,1,2022-03-31 21:42:14+00:00
338392038,1,2022-03-31 12:55:36+00:00
338392684,1,2022-03-31 12:11:16+00:00
338392718,1,2022-03-31 12:09:09+00:00
338394722,1,2022-03-31 14:52:05+00:00
338396738,1,2022-03-31 12:10:16+00:00
338397678,1,2022-03-31 13:20:47+00:00
338398895,1,2022-03-31 23:19:32+00:00
338399475,1,2022-03-31 15:52:12+00:00
338400892,1,2022-03-31 09:01:41+00:00
338401442,1,2022-03-31 16:42:39+00:00
338401543,1,2022-03-31 13:09:56+00:00
338401911,1,2022-03-31 21:50:28+00:00
338404042,1,2022-03-31 12:40:31+00:00
338406089,1,2022-03-31 12:10:54+00:00
338407374,1,2022-03-31 13:00:29+00:00
338408564,1,2022-03-31 16:11:10+00:00
338409314,1,2022-03-31 22:28:30+00:00
338415968,1,2022-03-31 12:21:00+00:00
338419273,1,2022-03-31 16:01:46+00:00
338420461,1,2022-03-31 12:18:55+00:00
338421797,1,2022-03-31 12:09:34+00:00
338422116,1,2022-03-31 11:28:53+00:00
338428075,1,2022-03-31 13:41:16+00:00
338429071,1,2022-03-31 12:22:52+00:00
338429753,1,2022-03-31 21:14:46+00:00
338432955,1,2022-03-31 14:35:30+00:00
338434258,1,2022-03-31 15:44:12+00:00
338754000,1,2022-03-31 12:22:19+00:00
338763000,1,2022-03-31 14:56:30+00:00
338926951,1,2022-03-31 23:59:20+00:00
339592000,1,2022-03-31 15:50:43+00:00
339676000,1,2022-03-31 15:33:30+00:00
343991331,1,2022-03-31 11:37:06+00:00
345010070,1,2022-03-31 21:47:41+00:00
345030026,1,2022-03-31 18:15:56+00:00
345030040,1,2022-03-31 20:09:22+00:00
345030067,1,2022-03-31 23:20:57+00:00
345070013,1,2022-03-31 19:08:15+00:00
345070038,1,2022-03-31 19:49:21+00:00
345070225,1,2022-03-31 21:40:30+00:00
345070320,1,2022-03-31 21:48:20+00:00
345070402,1,2022-03-31 21:48:24+00:00
345140009,1,2022-03-31 19:03:05+00:00
345140013,1,2022-03-31 23:16:47+00:00
345160012,1,2022-03-31 22:17:00+00:00
351104000,1,2022-03-31 23:59:39+00:00
351675000,1,2022-03-31 22:38:36+00:00
351680000,1,2022-03-31 21:42:37+00:00
352229000,1,2022-03-31 19:56:10+00:00
352306000,1,2022-03-31 22:21:59+00:00
352514000,1,2022-03-31 23:01:47+00:00
352978268,1,2022-03-31 21:56:43+00:00
352980769,1,2022-03-31 12:10:01+00:00
352986151,1,2022-03-31 17:49:11+00:00
353105000,1,2022-03-31 11:10:55+00:00
353778000,1,2022-03-31 12:45:21+00:00
354212000,1,2022-03-31 23:12:42+00:00
354519000,1,2022-03-31 17:24:30+00:00
354556000,1,2022-03-31 20:20:59+00:00
355870000,1,2022-03-31 22:19:37+00:00
356701000,1,2022-03-31 18:34:33+00:00
357628000,1,2022-03-31 23:59:18+00:00
357715000,1,2022-03-31 21:59:42+00:00
366100000,1,2022-03-31 12:30:10+00:00
366222630,1,2022-03-31 23:25:02+00:00
366382000,1,2022-03-31 08:35:41+00:00
366472920,1,2022-03-31 13:32:57+00:00
366629680,1,2022-03-31 09:50:40+00:00
366675760,1,2022-03-31 09:42:48+00:00
366798950,1,2022-03-31 11:10:49+00:00
366805510,1,2022-03-31 10:25:31+00:00
366806920,1,2022-03-31 12:08:42+00:00
366821510,1,2022-03-31 12:08:48+00:00
366832880,1,2022-03-31 19:05:05+00:00
366853410,1,2022-03-31 19:56:36+00:00
366853890,1,2022-03-31 16:11:12+00:00
366856460,1,2022-03-31 12:55:42+00:00
366863870,1,2022-03-31 09:31:06+00:00
366878290,1,2022-03-31 22:50:40+00:00
366902320,2,2022-03-31 20:25:37+00:00
366904350,1,2022-03-31 12:08:42+00:00
366914180,1,2022-03-31 18:54:44+00:00
366914410,1,2022-03-31 21:34:44+00:00
366914420,1,2022-03-31 16:01:01+00:00
366914430,1,2022-03-31 16:21:59+00:00
366916940,1,2022-03-31 12:08:44+00:00
366917160,1,2022-03-31 12:08:58+00:00
366919170,1,2022-03-31 14:08:44+00:00
366919210,1,2022-03-31 12:08:44+00:00
366920310,1,2022-03-31 22:11:09+00:00
366933130,1,2022-03-31 20:53:57+00:00
366936680,1,2022-03-31 21:56:58+00:00
366937050,1,2022-03-31 12:08:40+00:00
366939330,1,2022-03-31 12:08:42+00:00
366943940,1,2022-03-31 13:06:10+00:00
366950410,1,2022-03-31 12:45:37+00:00
366950740,1,2022-03-31 22:11:06+00:00
366951060,1,2022-03-31 19:12:44+00:00
366951230,1,2022-03-31 19:36:13+00:00
366951350,1,2022-03-31 21:53:50+00:00
366952340,1,2022-03-31 12:08:43+00:00
366953880,1,2022-03-31 12:08:40+00:00
366953920,1,2022-03-31 12:08:40+00:00
366954420,1,2022-03-31 20:29:04+00:00
366961450,1,2022-03-31 15:28:54+00:00
366961490,1,2022-03-31 20:12:34+00:00
366961530,1,2022-03-31 12:08:53+00:00
366961810,1,2022-03-31 12:08:48+00:00
366962960,1,2022-03-31 12:08:45+00:00
366962970,1,2022-03-31 12:09:52+00:00
366962980,1,2022-03-31 12:09:29+00:00
366963010,1,2022-03-31 12:08:41+00:00
366963030,1,2022-03-31 12:08:40+00:00
366963050,1,2022-03-31 15:10:37+00:00
366963070,1,2022-03-31 12:08:42+00:00
366963160,1,2022-03-31 09:06:28+00:00
366963330,1,2022-03-31 12:08:54+00:00
366963360,1,2022-03-31 12:08:42+00:00
366963380,1,2022-03-31 12:08:46+00:00
366963390,1,2022-03-31 12:08:41+00:00
366963460,1,2022-03-31 12:08:49+00:00
366963470,1,2022-03-31 20:48:51+00:00
366963980,1,2022-03-31 12:36:40+00:00
366967470,1,2022-03-31 17:06:18+00:00
366967480,1,2022-03-31 12:08:44+00:00
366967510,1,2022-03-31 12:08:48+00:00
366967530,1,2022-03-31 12:08:47+00:00
366967550,1,2022-03-31 12:08:41+00:00
366967580,1,2022-03-31 13:18:27+00:00
366967620,1,2022-03-31 12:08:47+00:00
366967660,1,2022-03-31 12:17:59+00:00
366967690,1,2022-03-31 12:08:45+00:00
366969970,1,2022-03-31 12:46:37+00:00
366970360,1,2022-03-31 12:24:27+00:00
366970760,1,2022-03-31 13:42:30+00:00
366970790,1,2022-03-31 12:09:38+00:00
366970820,1,2022-03-31 12:08:41+00:00
366971280,1,2022-03-31 12:54:24+00:00
366975760,1,2022-03-31 17:32:34+00:00
366977380,1,2022-03-31 23:54:10+00:00
366979270,1,2022-03-31 12:08:40+00:00
366980160,1,2022-03-31 10:01:29+00:00
366981080,1,2022-03-31 14:19:59+00:00
366981360,1,2022-03-31 17:20:49+00:00
366983260,1,2022-03-31 15:55:21+00:00
366983830,1,2022-03-31 13:09:23+00:00
366984180,1,2022-03-31 12:08:40+00:00
366984240,1,2022-03-31 22:15:16+00:00
366984250,1,2022-03-31 12:09:07+00:00
366984280,1,2022-03-31 12:08:49+00:00
366984330,1,2022-03-31 12:08:46+00:00
366984390,1,2022-03-31 16:47:01+00:00
366984440,1,2022-03-31 23:06:56+00:00
366984870,1,2022-03-31 08:44:25+00:00
366984910,1,2022-03-31 12:08:41+00:00
366984920,1,2022-03-31 17:29:30+00:00
366984940,1,2022-03-31 12:08:46+00:00
366984960,1,2022-03-31 12:08:46+00:00
366984970,1,2022-03-31 12:08:39+00:00
366986330,1,2022-03-31 12:08:43+00:00
366986430,1,2022-03-31 12:08:43+00:00
366986450,1,2022-03-31 12:08:53+00:00
366986710,1,2022-03-31 11:38:42+00:00
366986770,1,2022-03-31 12:08:39+00:00
366986780,1,2022-03-31 12:08:42+00:00
366986810,1,2022-03-31 12:08:49+00:00
366986820,1,2022-03-31 12:08:46+00:00
366986840,1,2022-03-31 12:08:41+00:00
366986850,1,2022-03-31 12:08:42+00:00
366987010,1,2022-03-31 12:08:45+00:00
366988190,1,2022-03-31 12:08:39+00:00
366988710,1,2022-03-31 12:08:46+00:00
366988770,1,2022-03-31 12:08:40+00:00
366989170,2,2022-03-31 22:45:22+00:00
366989220,1,2022-03-31 12:08:48+00:00
366989280,1,2022-03-31 12:10:21+00:00
366989870,1,2022-03-31 12:08:40+00:00
366989960,1,2022-03-31 09:27:58+00:00
366990010,1,2022-03-31 12:08:40+00:00
366990030,1,2022-03-31 20:55:24+00:00
366990040,2,2022-03-31 19:52:04+00:00
366990450,1,2022-03-31 12:48:09+00:00
366990520,1,2022-03-31 12:41:13+00:00
366990570,1,2022-03-31 20:55:21+00:00
366992890,1,2022-03-31 12:08:43+00:00
366993020,1,2022-03-31 12:08:40+00:00
366993470,1,2022-03-31 12:21:38+00:00
366993550,1,2022-03-31 12:08:48+00:00
366995470,1,2022-03-31 12:08:48+00:00
366995550,1,2022-03-31 12:09:13+00:00
366995820,1,2022-03-31 12:10:27+00:00
366996040,1,2022-03-31 12:18:43+00:00
366996080,1,2022-03-31 12:08:40+00:00
366996740,1,2022-03-31 12:08:41+00:00
366997280,1,2022-03-31 12:10:46+00:00
366997420,1,2022-03-31 12:08:42+00:00
366999148,1,2022-03-31 23:27:27+00:00
366999387,1,2022-03-31 12:08:39+00:00
366999429,1,2022-03-31 15:30:15+00:00
366999502,1,2022-03-31 12:08:46+00:00
366999504,1,2022-03-31 12:11:39+00:00
366999506,1,2022-03-31 12:08:56+00:00
366999515,1,2022-03-31 12:31:34+00:00
366999519,1,2022-03-31 12:10:45+00:00
367001740,1,2022-03-31 14:25:14+00:00
367002380,1,2022-03-31 12:08:40+00:00
367002540,1,2022-03-31 12:08:48+00:00
367004110,1,2022-03-31 12:08:59+00:00
367004350,1,2022-03-31 12:08:42+00:00
367004740,1,2022-03-31 15:29:21+00:00
367005170,1,2022-03-31 12:08:41+00:00
367005580,1,2022-03-31 12:08:40+00:00
367006570,1,2022-03-31 17:42:38+00:00
367009420,1,2022-03-31 12:08:40+00:00
367009830,1,2022-03-31 12:15:45+00:00
367012690,2,2022-03-31 22:56:13+00:00
367012730,1,2022-03-31 12:08:40+00:00
367016520,1,2022-03-31 12:08:47+00:00
367017630,1,2022-03-31 17:10:02+00:00
367037610,1,2022-03-31 20:20:34+00:00
367040650,1,2022-03-31 20:14:10+00:00
367042570,1,2022-03-31 14:33:05+00:00
367047080,2,2022-03-31 23:30:56+00:00
367047240,1,2022-03-31 13:37:09+00:00
367047320,1,2022-03-31 12:10:57+00:00
367049010,1,2022-03-31 13:28:12+00:00
367050090,1,2022-03-31 12:10:17+00:00
367057320,1,2022-03-31 12:08:55+00:00
367057330,1,2022-03-31 12:08:46+00:00
367057340,1,2022-03-31 17:16:20+00:00
367057450,1,2022-03-31 12:08:44+00:00
367057510,1,2022-03-31 12:08:43+00:00
367057590,1,2022-03-31 12:08:40+00:00
367057620,1,2022-03-31 12:19:59+00:00
367057630,2,2022-03-31 18:35:09+00:00
367057650,1,2022-03-31 15:09:32+00:00
367057720,1,2022-03-31 22:32:27+00:00
367057840,1,2022-03-31 12:08:46+00:00
367057860,1,2022-03-31 12:08:40+00:00
367060370,1,2022-03-31 12:08:48+00:00
367060490,1,2022-03-31 21:03:57+00:00
367065250,1,2022-03-31 12:08:40+00:00
367080570,1,2022-03-31 12:08:39+00:00
367080670,1,2022-03-31 21:24:35+00:00
367091720,1,2022-03-31 20:34:18+00:00
367092210,2,2022-03-31 19:33:01+00:00
367094360,1,2022-03-31 16:38:45+00:00
367095450,1,2022-03-31 12:08:52+00:00
367096590,1,2022-03-31 20:13:48+00:00
367100370,1,2022-03-31 11:02:02+00:00
367101090,1,2022-03-31 12:37:00+00:00
367101870,1,2022-03-31 07:26:00+00:00
367102000,1,2022-03-31 18:22:16+00:00
367102610,2,2022-03-31 17:50:29+00:00
367105910,1,2022-03-31 12:08:47+00:00
367107060,1,2022-03-31 12:11:35+00:00
367108660,1,2022-03-31 12:08:51+00:00
367110450,1,2022-03-31 10:53:25+00:00
367112160,1,2022-03-31 17:44:19+00:00
367113620,1,2022-03-31 16:19:03+00:00
367120040,1,2022-03-31 11:02:29+00:00
367121850,1,2022-03-31 08:41:44+00:00
367122230,1,2022-03-31 12:08:47+00:00
367122610,1,2022-03-31 10:35:52+00:00
367122690,1,2022-03-31 12:08:47+00:00
367122710,1,2022-03-31 12:08:41+00:00
367129630,1,2022-03-31 12:08:41+00:00
367129640,1,2022-03-31 12:10:15+00:00
367129650,1,2022-03-31 12:08:46+00:00
367133180,1,2022-03-31 14:04:09+00:00
367135480,1,2022-03-31 12:12:17+00:00
367136470,1,2022-03-31 21:49:51+00:00
367136690,1,2022-03-31 12:08:49+00:00
367139980,1,2022-03-31 19:56:44+00:00
367140820,1,2022-03-31 12:08:45+00:00
367140940,1,2022-03-31 12:24:39+00:00
367143380,1,2022-03-31 12:08:42+00:00
367143450,1,2022-03-31 19:56:48+00:00
367143710,1,2022-03-31 12:08:41+00:00
367143910,1,2022-03-31 12:08:45+00:00
367148870,1,2022-03-31 14:00:23+00:00
367151380,1,2022-03-31 22:50:19+00:00
367155110,1,2022-03-31 17:05:01+00:00
367161940,1,2022-03-31 23:59:04+00:00
367162230,1,2022-03-31 12:53:50+00:00
367166520,1,2022-03-31 20:49:47+00:00
367167940,1,2022-03-31 12:08:46+00:00
367169000,1,2022-03-31 07:40:41+00:00
367170830,2,2022-03-31 22:45:56+00:00
367171320,1,2022-03-31 16:38:10+00:00
367174710,1,2022-03-31 20:11:49+00:00
367183990,1,2022-03-31 23:08:55+00:00
367185180,1,2022-03-31 21:16:03+00:00
367185530,1,2022-03-31 13:53:59+00:00
367186690,1,2022-03-31 15:24:58+00:00
367192970,1,2022-03-31 11:53:04+00:00
367194680,2,2022-03-31 19:55:13+00:00
367199750,1,2022-03-31 12:08:43+00:00
367299000,1,2022-03-31 19:53:06+00:00
367303720,1,2022-03-31 09:49:30+00:00
367303910,1,2022-03-31 22:09:40+00:00
367304080,1,2022-03-31 08:51:58+00:00
367305380,2,2022-03-31 20:22:37+00:00
367308230,1,2022-03-31 12:08:44+00:00
367309870,1,2022-03-31 17:15:24+00:00
367310270,1,2022-03-31 16:27:59+00:00
367311660,1,2022-03-31 19:53:58+00:00
367313950,1,2022-03-31 12:20:29+00:00
367314350,1,2022-03-31 21:13:36+00:00
367315790,1,2022-03-31 22:30:39+00:00
367316130,1,2022-03-31 14:29:36+00:00
367317340,1,2022-03-31 20:20:20+00:00
367320510,1,2022-03-31 12:29:42+00:00
367320710,1,2022-03-31 12:31:26+00:00
367320740,1,2022-03-31 12:08:46+00:00
367320750,1,2022-03-31 12:08:48+00:00
367320890,1,2022-03-31 12:08:43+00:00
367321010,1,2022-03-31 12:29:29+00:00
367321040,1,2022-03-31 12:08:42+00:00
367321070,1,2022-03-31 12:08:46+00:00
367321280,1,2022-03-31 08:42:29+00:00
367321330,1,2022-03-31 12:09:12+00:00
367327630,1,2022-03-31 12:08:39+00:00
367327970,1,2022-03-31 12:08:42+00:00
367328020,1,2022-03-31 12:08:44+00:00
367331150,1,2022-03-31 12:08:49+00:00
367333720,1,2022-03-31 08:30:51+00:00
367333740,1,2022-03-31 12:08:48+00:00
367333780,1,2022-03-31 12:08:39+00:00
367333880,1,2022-03-31 12:08:42+00:00
367333940,1,2022-03-31 12:08:45+00:00
367334660,1,2022-03-31 20:39:17+00:00
367334810,1,2022-03-31 12:08:44+00:00
367335230,1,2022-03-31 15:03:11+00:00
367335590,1,2022-03-31 12:10:58+00:00
367336380,1,2022-03-31 16:48:59+00:00
367339240,1,2022-03-31 12:10:44+00:00
367342210,1,2022-03-31 12:09:28+00:00
367343490,1,2022-03-31 12:10:50+00:00
367343510,1,2022-03-31 12:14:28+00:00
367343530,1,2022-03-31 12:08:41+00:00
367345720,1,2022-03-31 19:35:23+00:00
367350460,1,2022-03-31 18:10:26+00:00
367358330,1,2022-03-31 12:08:46+00:00
367359070,1,2022-03-31 21:21:58+00:00
367359940,1,2022-03-31 22:42:52+00:00
367360430,1,2022-03-31 13:29:16+00:00
367361740,1,2022-03-31 12:10:46+00:00
367361870,1,2022-03-31 11:39:06+00:00
367367840,1,2022-03-31 20:35:57+00:00
367371170,1,2022-03-31 19:43:20+00:00
367371410,1,2022-03-31 12:08:41+00:00
367371510,1,2022-03-31 12:08:41+00:00
367373640,1,2022-03-31 12:08:47+00:00
367374590,1,2022-03-31 12:10:01+00:00
367375070,1,2022-03-31 12:08:50+00:00
367376020,1,2022-03-31 14:21:29+00:00
367377890,1,2022-03-31 10:48:26+00:00
367378280,2,2022-03-31 20:42:45+00:00
367379890,1,2022-03-31 16:45:06+00:00
367380840,1,2022-03-31 12:08:43+00:00
367385950,1,2022-03-31 12:08:39+00:00
367387070,2,2022-03-31 22:44:28+00:00
367387350,1,2022-03-31 14:30:05+00:00
367390880,1,2022-03-31 12:24:47+00:00
367393270,1,2022-03-31 23:09:01+00:00
367396110,2,2022-03-31 17:03:25+00:00
367396770,1,2022-03-31 12:08:45+00:00
367397760,1,2022-03-31 08:48:15+00:00
367398340,1,2022-03-31 12:08:41+00:00
367399880,1,2022-03-31 12:08:47+00:00
367400370,1,2022-03-31 17:10:45+00:00
367401320,1,2022-03-31 12:11:31+00:00
367402410,1,2022-03-31 21:53:23+00:00
367402520,1,2022-03-31 07:45:52+00:00
367402540,1,2022-03-31 22:00:55+00:00
367402550,1,2022-03-31 12:08:41+00:00
367402560,1,2022-03-31 12:08:47+00:00
367402570,1,2022-03-31 12:08:50+00:00
367402680,1,2022-03-31 12:08:43+00:00
367402690,1,2022-03-31 12:08:40+00:00
367402950,1,2022-03-31 12:09:18+00:00
367402990,1,2022-03-31 12:09:01+00:00
367405720,1,2022-03-31 12:08:47+00:00
367406030,1,2022-03-31 12:06:35+00:00
367406770,1,2022-03-31 23:22:22+00:00
367410780,1,2022-03-31 15:39:14+00:00
367412610,1,2022-03-31 12:08:46+00:00
367414110,1,2022-03-31 11:12:16+00:00
367416420,1,2022-03-31 14:54:29+00:00
367419960,1,2022-03-31 12:08:45+00:00
367420350,1,2022-03-31 21:14:17+00:00
367420450,1,2022-03-31 19:29:05+00:00
367421310,1,2022-03-31 10:51:50+00:00
367421740,1,2022-03-31 12:08:47+00:00
367422720,1,2022-03-31 14:07:31+00:00
367424310,1,2022-03-31 12:09:09+00:00
367425520,1,2022-03-31 12:12:39+00:00
367427540,1,2022-03-31 12:22:00+00:00
367429570,1,2022-03-31 19:02:29+00:00
367430210,1,2022-03-31 12:08:44+00:00
367430290,1,2022-03-31 12:09:54+00:00
367431280,1,2022-03-31 17:35:42+00:00
367431550,1,2022-03-31 12:08:44+00:00
367433570,1,2022-03-31 12:08:48+00:00
367433620,1,2022-03-31 12:08:40+00:00
367433690,1,2022-03-31 12:08:56+00:00
367433990,1,2022-03-31 12:08:40+00:00
367434080,2,2022-03-31 23:35:59+00:00
367434360,1,2022-03-31 16:37:58+00:00
367438630,1,2022-03-31 20:44:36+00:00
367438710,1,2022-03-31 12:49:23+00:00
367439490,1,2022-03-31 21:43:33+00:00
367441020,1,2022-03-31 08:44:14+00:00
367444540,1,2022-03-31 12:54:46+00:00
367451090,2,2022-03-31 23:51:46+00:00
367451270,1,2022-03-31 12:08:55+00:00
367451720,1,2022-03-31 16:09:09+00:00
367452870,1,2022-03-31 12:08:40+00:00
367454680,1,2022-03-31 23:27:57+00:00
367455770,1,2022-03-31 14:07:54+00:00
367456680,1,2022-03-31 12:08:53+00:00
367456750,1,2022-03-31 17:28:06+00:00
367456820,1,2022-03-31 22:22:44+00:00
367456880,1,2022-03-31 12:08:44+00:00
367456920,1,2022-03-31 12:08:51+00:00
367456930,1,2022-03-31 12:08:42+00:00
367456960,1,2022-03-31 09:14:04+00:00
367458590,1,2022-03-31 15:19:45+00:00
367458790,1,2022-03-31 19:05:57+00:00
367461340,1,2022-03-31 12:08:51+00:00
367469020,1,2022-03-31 12:08:44+00:00
367471360,2,2022-03-31 21:36:08+00:00
367471440,1,2022-03-31 12:09:25+00:00
367471820,1,2022-03-31 12:08:43+00:00
367471930,1,2022-03-31 12:08:42+00:00
367473630,1,2022-03-31 13:33:22+00:00
367475170,1,2022-03-31 20:04:52+00:00
367475440,1,2022-03-31 12:09:02+00:00
367476930,1,2022-03-31 10:17:31+00:00
367477880,1,2022-03-31 23:44:20+00:00
367481630,1,2022-03-31 09:16:49+00:00
367482250,1,2022-03-31 09:23:07+00:00
367485830,1,2022-03-31 22:12:39+00:00
367486930,1,2022-03-31 12:43:02+00:00
367487290,1,2022-03-31 12:08:47+00:00
367487360,1,2022-03-31 12:08:41+00:00
367491060,1,2022-03-31 20:43:11+00:00
367491860,1,2022-03-31 12:08:41+00:00
367493870,1,2022-03-31 12:08:46+00:00
367496750,1,2022-03-31 12:30:54+00:00
367498110,1,2022-03-31 12:08:47+00:00
367498350,1,2022-03-31 12:08:45+00:00
367498360,1,2022-03-31 12:08:55+00:00
367500650,1,2022-03-31 13:03:14+00:00
367500880,1,2022-03-31 12:08:40+00:00
367501540,1,2022-03-31 21:57:28+00:00
367502040,1,2022-03-31 20:47:18+00:00
367503540,1,2022-03-31 12:08:39+00:00
367504420,1,2022-03-31 14:22:52+00:00
367504950,1,2022-03-31 12:08:47+00:00
367505380,1,2022-03-31 12:08:45+00:00
367505510,1,2022-03-31 12:08:41+00:00
367505630,1,2022-03-31 07:30:52+00:00
367505660,1,2022-03-31 12:08:45+00:00
367505750,1,2022-03-31 12:08:40+00:00
367505770,1,2022-03-31 12:08:42+00:00
367506270,1,2022-03-31 21:28:45+00:00
367507080,2,2022-03-31 21:18:39+00:00
367507690,1,2022-03-31 12:08:41+00:00
367511370,1,2022-03-31 12:09:36+00:00
367512640,1,2022-03-31 19:48:21+00:00
367512930,1,2022-03-31 12:08:47+00:00
367513120,1,2022-03-31 17:55:54+00:00
367514620,1,2022-03-31 12:08:44+00:00
367514630,1,2022-03-31 17:38:41+00:00
367514640,1,2022-03-31 12:08:41+00:00
367517730,1,2022-03-31 12:08:39+00:00
367517810,1,2022-03-31 12:10:09+00:00
367517960,1,2022-03-31 21:00:47+00:00
367518480,1,2022-03-31 16:32:01+00:00
367518780,1,2022-03-31 11:31:04+00:00
367519170,1,2022-03-31 23:19:09+00:00
367519290,1,2022-03-31 11:37:57+00:00
367520810,1,2022-03-31 12:08:44+00:00
367522010,1,2022-03-31 23:59:29+00:00
367522170,1,2022-03-31 14:02:24+00:00
367522240,1,2022-03-31 12:08:48+00:00
367523350,1,2022-03-31 18:50:28+00:00
367524680,1,2022-03-31 12:08:47+00:00
367525380,1,2022-03-31 12:08:39+00:00
367526160,1,2022-03-31 12:08:43+00:00
367526170,1,2022-03-31 12:08:43+00:00
367526550,1,2022-03-31 12:08:42+00:00
367526570,1,2022-03-31 12:08:46+00:00
367530230,1,2022-03-31 12:08:41+00:00
367530490,1,2022-03-31 15:11:20+00:00
367530760,1,2022-03-31 12:27:16+00:00
367532570,1,2022-03-31 12:08:42+00:00
367532820,1,2022-03-31 12:08:47+00:00
367533040,1,2022-03-31 12:22:21+00:00
367533050,1,2022-03-31 23:30:43+00:00
367535280,1,2022-03-31 23:25:34+00:00
367535850,1,2022-03-31 10:01:44+00:00
367536290,1,2022-03-31 12:08:43+00:00
367536660,1,2022-03-31 12:08:45+00:00
367537770,1,2022-03-31 12:08:46+00:00
367539060,1,2022-03-31 12:08:43+00:00
367539140,1,2022-03-31 12:08:39+00:00
367539160,1,2022-03-31 12:08:49+00:00
367539420,1,2022-03-31 20:45:27+00:00
367541740,1,2022-03-31 23:03:37+00:00
367542390,1,2022-03-31 12:08:46+00:00
367543810,1,2022-03-31 12:08:41+00:00
367544060,2,2022-03-31 19:20:19+00:00
367544950,1,2022-03-31 12:08:40+00:00
367547820,1,2022-03-31 07:08:03+00:00
367550510,1,2022-03-31 12:08:40+00:00
367550980,1,2022-03-31 10:09:07+00:00
367551640,1,2022-03-31 14:49:35+00:00
367552680,1,2022-03-31 09:50:59+00:00
367554160,1,2022-03-31 21:45:43+00:00
367554950,1,2022-03-31 12:08:46+00:00
367556020,2,2022-03-31 22:08:47+00:00
367556250,1,2022-03-31 12:08:47+00:00
367556370,1,2022-03-31 12:23:48+00:00
367562360,1,2022-03-31 21:40:32+00:00
367564930,1,2022-03-31 12:40:54+00:00
367564940,1,2022-03-31 13:21:54+00:00
367564950,1,2022-03-31 12:08:44+00:00
367567590,1,2022-03-31 12:08:44+00:00
367568250,1,2022-03-31 13:43:59+00:00
367569680,1,2022-03-31 18:14:35+00:00
367571670,1,2022-03-31 12:08:44+00:00
367575120,1,2022-03-31 12:08:48+00:00
367580190,1,2022-03-31 13:23:45+00:00
367580310,1,2022-03-31 12:33:19+00:00
367580880,1,2022-03-31 12:08:57+00:00
367580930,1,2022-03-31 18:08:16+00:00
367582840,1,2022-03-31 17:29:31+00:00
367585510,1,2022-03-31 12:08:40+00:00
367586510,1,2022-03-31 12:09:42+00:00
367588620,1,2022-03-31 22:04:39+00:00
367589050,1,2022-03-31 12:08:40+00:00
367590310,1,2022-03-31 10:23:49+00:00
367591990,1,2022-03-31 12:06:14+00:00
367592590,1,2022-03-31 10:51:36+00:00
367595460,1,2022-03-31 12:08:50+00:00
367595620,1,2022-03-31 21:32:56+00:00
367595750,1,2022-03-31 16:06:53+00:00
367596190,1,2022-03-31 16:03:22+00:00
367596840,1,2022-03-31 07:36:30+00:00
367598120,1,2022-03-31 14:02:13+00:00
367598950,1,2022-03-31 12:08:41+00:00
367598960,1,2022-03-31 12:08:55+00:00
367599780,1,2022-03-31 12:08:43+00:00
367600870,1,2022-03-31 12:08:40+00:00
367601060,1,2022-03-31 12:08:44+00:00
367604920,1,2022-03-31 12:08:46+00:00
367606270,1,2022-03-31 17:12:01+00:00
367606840,1,2022-03-31 21:34:59+00:00
367606910,1,2022-03-31 12:18:10+00:00
367610280,1,2022-03-31 12:08:47+00:00
367610510,1,2022-03-31 10:34:09+00:00
367611420,1,2022-03-31 12:09:05+00:00
367614550,1,2022-03-31 18:38:55+00:00
367614749,1,2022-03-31 12:08:39+00:00
367619240,1,2022-03-31 14:03:11+00:00
367625540,1,2022-03-31 12:14:08+00:00
367628210,1,2022-03-31 12:34:56+00:00
367629250,1,2022-03-31 23:09:42+00:00
367632910,1,2022-03-31 12:08:46+00:00
367635360,1,2022-03-31 13:48:49+00:00
367637420,1,2022-03-31 17:16:37+00:00
367637920,1,2022-03-31 22:52:07+00:00
367637980,1,2022-03-31 12:08:43+00:00
367638010,1,2022-03-31 12:08:47+00:00
367638040,1,2022-03-31 12:08:41+00:00
367638080,1,2022-03-31 09:07:44+00:00
367638110,1,2022-03-31 13:21:06+00:00
367638120,1,2022-03-31 12:08:44+00:00
367638240,1,2022-03-31 12:08:43+00:00
367638710,1,2022-03-31 11:33:07+00:00
367641230,1,2022-03-31 23:00:48+00:00
367641290,2,2022-03-31 23:18:35+00:00
367641590,1,2022-03-31 12:08:49+00:00
367641610,1,2022-03-31 11:07:58+00:00
367641640,1,2022-03-31 12:08:47+00:00
367641650,1,2022-03-31 12:08:47+00:00
367641670,1,2022-03-31 12:08:53+00:00
367642130,1,2022-03-31 23:37:03+00:00
367643270,1,2022-03-31 10:37:30+00:00
367643350,1,2022-03-31 12:08:44+00:00
367643990,1,2022-03-31 08:09:38+00:00
367644590,1,2022-03-31 12:10:36+00:00
367645470,1,2022-03-31 12:10:10+00:00
367645970,1,2022-03-31 12:09:24+00:00
367648680,2,2022-03-31 15:12:04+00:00
367649810,1,2022-03-31 12:17:33+00:00
367651440,1,2022-03-31 09:01:07+00:00
367652000,1,2022-03-31 17:17:33+00:00
367652650,1,2022-03-31 11:24:51+00:00
367653290,1,2022-03-31 12:08:43+00:00
367654060,1,2022-03-31 12:09:28+00:00
367654260,1,2022-03-31 12:06:13+00:00
367654290,1,2022-03-31 12:08:41+00:00
367654590,1,2022-03-31 16:29:03+00:00
367655340,1,2022-03-31 12:08:49+00:00
367655380,1,2022-03-31 15:10:31+00:00
367658860,1,2022-03-31 19:51:04+00:00
367659990,1,2022-03-31 12:33:05+00:00
367662110,1,2022-03-31 20:41:19+00:00
367662450,1,2022-03-31 21:58:32+00:00
367664890,1,2022-03-31 12:08:46+00:00
367665030,1,2022-03-31 23:59:26+00:00
367665130,1,2022-03-31 12:08:48+00:00
367665350,1,2022-03-31 12:08:41+00:00
367665370,1,2022-03-31 12:08:50+00:00
367665380,1,2022-03-31 12:10:41+00:00
367665390,1,2022-03-31 12:08:43+00:00
367666530,1,2022-03-31 12:08:44+00:00
367667140,1,2022-03-31 13:18:25+00:00
367670110,1,2022-03-31 13:07:44+00:00
367670970,1,2022-03-31 20:43:38+00:00
367673980,1,2022-03-31 23:36:23+00:00
367675470,1,2022-03-31 12:08:46+00:00
367675490,1,2022-03-31 12:08:44+00:00
367675910,1,2022-03-31 12:24:08+00:00
367678150,1,2022-03-31 12:09:09+00:00
367679660,1,2022-03-31 09:57:47+00:00
367680650,1,2022-03-31 12:55:28+00:00
367681150,1,2022-03-31 12:08:58+00:00
367681460,1,2022-03-31 12:08:41+00:00
367681480,1,2022-03-31 12:08:41+00:00
367682480,1,2022-03-31 18:38:03+00:00
367683550,1,2022-03-31 12:25:26+00:00
367683560,1,2022-03-31 12:08:45+00:00
367684090,1,2022-03-31 12:08:45+00:00
367684360,1,2022-03-31 12:08:49+00:00
367684950,1,2022-03-31 12:08:43+00:00
367685130,1,2022-03-31 12:08:48+00:00
367685610,1,2022-03-31 12:08:41+00:00
367685620,1,2022-03-31 12:08:42+00:00
367685630,1,2022-03-31 20:20:19+00:00
367687870,1,2022-03-31 12:08:43+00:00
367689760,1,2022-03-31 12:08:46+00:00
367689770,1,2022-03-31 12:08:48+00:00
367689990,1,2022-03-31 18:15:44+00:00
367690810,1,2022-03-31 21:04:47+00:00
367692540,1,2022-03-31 22:59:04+00:00
367692910,1,2022-03-31 12:08:42+00:00
367693030,1,2022-03-31 12:11:12+00:00
367694160,1,2022-03-31 12:08:40+00:00
367694650,1,2022-03-31 16:01:14+00:00
367697130,1,2022-03-31 12:08:43+00:00
367701380,2,2022-03-31 21:37:03+00:00
367701960,1,2022-03-31 12:08:45+00:00
367702000,1,2022-03-31 21:56:05+00:00
367702010,1,2022-03-31 12:08:49+00:00
367702070,1,2022-03-31 13:22:12+00:00
367702080,1,2022-03-31 12:08:46+00:00
367702110,1,2022-03-31 19:56:08+00:00
367702120,1,2022-03-31 18:50:19+00:00
367702130,1,2022-03-31 20:29:10+00:00
367702230,2,2022-03-31 20:00:26+00:00
367702280,1,2022-03-31 18:44:51+00:00
367702310,1,2022-03-31 12:11:21+00:00
367702360,1,2022-03-31 12:08:40+00:00
367702450,1,2022-03-31 12:08:47+00:00
367702890,1,2022-03-31 12:18:54+00:00
367702960,1,2022-03-31 21:01:40+00:00
367703060,1,2022-03-31 10:38:45+00:00
367705350,1,2022-03-31 18:54:45+00:00
367705810,1,2022-03-31 15:49:14+00:00
367706810,1,2022-03-31 12:13:20+00:00
367708110,1,2022-03-31 21:40:51+00:00
367708380,1,2022-03-31 11:07:48+00:00
367708880,1,2022-03-31 08:43:53+00:00
367709190,1,2022-03-31 12:08:40+00:00
367709780,1,2022-03-31 10:54:08+00:00
367710240,1,2022-03-31 12:08:48+00:00
367710280,1,2022-03-31 12:08:40+00:00
367710420,1,2022-03-31 12:08:47+00:00
367710550,1,2022-03-31 15:59:28+00:00
367712090,1,2022-03-31 15:14:01+00:00
367712160,1,2022-03-31 12:08:40+00:00
367712170,1,2022-03-31 12:08:48+00:00
367712180,1,2022-03-31 12:08:40+00:00
367712710,1,2022-03-31 23:59:16+00:00
367712840,1,2022-03-31 12:08:46+00:00
367712860,1,2022-03-31 13:53:15+00:00
367713710,2,2022-03-31 20:30:15+00:00
367714490,1,2022-03-31 12:08:43+00:00
367714520,1,2022-03-31 12:08:48+00:00
367714780,1,2022-03-31 20:07:23+00:00
367715330,1,2022-03-31 10:31:19+00:00
367716410,1,2022-03-31 12:08:48+00:00
367716740,1,2022-03-31 12:08:42+00:00
367717180,1,2022-03-31 12:08:48+00:00
367717260,1,2022-03-31 19:07:27+00:00
367717380,1,2022-03-31 12:08:41+00:00
367717440,1,2022-03-31 12:08:49+00:00
367718490,1,2022-03-31 12:08:47+00:00
367719060,1,2022-03-31 12:08:42+00:00
367719640,1,2022-03-31 22:45:57+00:00
367720810,1,2022-03-31 23:58:46+00:00
367721010,1,2022-03-31 09:30:37+00:00
367721050,1,2022-03-31 12:08:45+00:00
367721790,1,2022-03-31 12:08:42+00:00
367723550,1,2022-03-31 12:08:47+00:00
367724160,1,2022-03-31 12:08:48+00:00
367726830,1,2022-03-31 16:42:33+00:00
367729030,1,2022-03-31 12:08:44+00:00
367730340,1,2022-03-31 20:20:27+00:00
367734980,1,2022-03-31 17:40:12+00:00
367739310,1,2022-03-31 21:27:55+00:00
367741480,1,2022-03-31 10:30:04+00:00
367742990,1,2022-03-31 22:07:15+00:00
367743020,1,2022-03-31 12:08:46+00:00
367743370,1,2022-03-31 12:08:49+00:00
367744570,1,2022-03-31 12:08:42+00:00
367744840,1,2022-03-31 12:11:49+00:00
367745320,1,2022-03-31 15:37:01+00:00
367749350,1,2022-03-31 12:08:50+00:00
367750340,1,2022-03-31 12:09:01+00:00
367751540,1,2022-03-31 18:36:28+00:00
367753870,1,2022-03-31 17:49:47+00:00
367755550,1,2022-03-31 12:08:45+00:00
367756630,1,2022-03-31 23:24:51+00:00
367758310,1,2022-03-31 12:08:43+00:00
367758960,1,2022-03-31 12:08:50+00:00
367759740,1,2022-03-31 16:48:49+00:00
367759850,1,2022-03-31 12:08:43+00:00
367759860,1,2022-03-31 12:08:43+00:00
367761750,1,2022-03-31 12:59:13+00:00
367761860,1,2022-03-31 20:22:46+00:00
367761990,1,2022-03-31 11:40:25+00:00
367762120,1,2022-03-31 13:49:49+00:00
367762230,1,2022-03-31 12:08:43+00:00
367762880,1,2022-03-31 12:08:42+00:00
367765240,1,2022-03-31 12:45:36+00:00
367765490,1,2022-03-31 12:08:48+00:00
367765690,1,2022-03-31 12:54:00+00:00
367765950,1,2022-03-31 23:19:32+00:00
367768720,1,2022-03-31 12:08:43+00:00
367770480,1,2022-03-31 12:08:46+00:00
367771860,1,2022-03-31 12:08:46+00:00
367773150,1,2022-03-31 15:22:00+00:00
367776280,1,2022-03-31 14:12:40+00:00
367776410,1,2022-03-31 12:13:51+00:00
367779120,1,2022-03-31 12:08:43+00:00
367779540,1,2022-03-31 08:55:03+00:00
367779550,1,2022-03-31 09:23:39+00:00
367780050,1,2022-03-31 12:08:46+00:00
367780350,1,2022-03-31 12:08:41+00:00
367781330,1,2022-03-31 12:08:43+00:00
367782270,1,2022-03-31 12:08:58+00:00
367782690,1,2022-03-31 10:36:36+00:00
367784630,1,2022-03-31 08:45:15+00:00
367784640,1,2022-03-31 09:57:09+00:00
367784840,1,2022-03-31 09:05:26+00:00
367786680,1,2022-03-31 12:09:21+00:00
367788090,1,2022-03-31 13:05:49+00:00
367790830,1,2022-03-31 09:57:20+00:00
367791140,1,2022-03-31 09:05:04+00:00
367791530,1,2022-03-31 22:42:54+00:00
367793240,1,2022-03-31 12:08:44+00:00
367793490,1,2022-03-31 12:08:41+00:00
367794450,1,2022-03-31 12:08:41+00:00
367794470,1,2022-03-31 09:19:13+00:00
367795630,1,2022-03-31 15:43:44+00:00
367796190,1,2022-03-31 20:50:39+00:00
367796530,1,2022-03-31 21:30:23+00:00
367797260,1,2022-03-31 09:13:36+00:00
367797440,1,2022-03-31 12:08:48+00:00
367798420,1,2022-03-31 10:00:03+00:00
367798430,1,2022-03-31 08:33:09+00:00
367940000,1,2022-03-31 22:36:00+00:00
368002250,1,2022-03-31 12:11:26+00:00
368004000,1,2022-03-31 21:46:21+00:00
368004120,1,2022-03-31 08:57:07+00:00
368004310,1,2022-03-31 12:08:41+00:00
368004350,1,2022-03-31 12:08:45+00:00
368004570,1,2022-03-31 21:15:18+00:00
368004920,1,2022-03-31 12:08:42+00:00
368005180,1,2022-03-31 19:46:00+00:00
368005890,1,2022-03-31 12:08:46+00:00
368006070,1,2022-03-31 21:27:56+00:00
368006280,1,2022-03-31 17:54:41+00:00
368006520,1,2022-03-31 12:49:52+00:00
368006590,1,2022-03-31 12:08:44+00:00
368009420,1,2022-03-31 12:08:42+00:00
368009850,1,2022-03-31 21:25:40+00:00
368009880,2,2022-03-31 22:11:25+00:00
368010090,1,2022-03-31 12:08:40+00:00
368010430,1,2022-03-31 12:08:42+00:00
368010680,1,2022-03-31 16:58:55+00:00
368010960,1,2022-03-31 12:08:48+00:00
368014850,1,2022-03-31 12:08:45+00:00
368016910,1,2022-03-31 17:37:27+00:00
368017750,1,2022-03-31 12:08:42+00:00
368019060,1,2022-03-31 12:08:42+00:00
368020390,1,2022-03-31 12:08:41+00:00
368020640,1,2022-03-31 12:08:46+00:00
368021030,1,2022-03-31 11:22:53+00:00
368021550,1,2022-03-31 12:57:39+00:00
368021860,1,2022-03-31 12:26:34+00:00
368024090,1,2022-03-31 13:57:03+00:00
368024780,1,2022-03-31 12:08:39+00:00
368024790,1,2022-03-31 12:08:44+00:00
368031260,1,2022-03-31 15:09:32+00:00
368031980,1,2022-03-31 12:09:49+00:00
368032620,1,2022-03-31 12:08:50+00:00
368033540,1,2022-03-31 12:08:40+00:00
368034540,1,2022-03-31 12:08:42+00:00
368034910,1,2022-03-31 09:57:11+00:00
368034930,1,2022-03-31 12:08:42+00:00
368035730,1,2022-03-31 10:59:36+00:00
368036250,1,2022-03-31 12:08:48+00:00
368037610,1,2022-03-31 07:48:06+00:00
368038040,1,2022-03-31 12:08:44+00:00
368038080,1,2022-03-31 08:17:25+00:00
368039230,1,2022-03-31 11:15:01+00:00
368040150,1,2022-03-31 15:20:33+00:00
368043840,1,2022-03-31 22:14:10+00:00
368045340,1,2022-03-31 12:08:46+00:00
368046120,1,2022-03-31 12:08:47+00:00
368047610,1,2022-03-31 12:08:46+00:00
368048110,1,2022-03-31 12:08:43+00:00
368049530,1,2022-03-31 21:54:30+00:00
368049750,1,2022-03-31 12:08:43+00:00
368051230,1,2022-03-31 08:15:07+00:00
368051270,1,2022-03-31 12:28:04+00:00
368052660,1,2022-03-31 12:08:39+00:00
368053680,1,2022-03-31 12:08:39+00:00
368054020,1,2022-03-31 12:08:44+00:00
368056920,1,2022-03-31 12:08:41+00:00
368058970,1,2022-03-31 10:04:00+00:00
368059470,1,2022-03-31 12:08:42+00:00
368062680,1,2022-03-31 14:04:13+00:00
368063440,1,2022-03-31 11:53:32+00:00
368063470,1,2022-03-31 23:58:49+00:00
368063890,1,2022-03-31 12:08:46+00:00
368065320,1,2022-03-31 17:40:10+00:00
368065990,1,2022-03-31 12:08:49+00:00
368066130,1,2022-03-31 11:38:46+00:00
368066840,1,2022-03-31 12:08:40+00:00
368067550,1,2022-03-31 10:47:13+00:00
368067690,1,2022-03-31 12:08:41+00:00
368068550,1,2022-03-31 13:59:06+00:00
368070570,1,2022-03-31 12:08:42+00:00
368070620,1,2022-03-31 12:08:41+00:00
368070870,1,2022-03-31 12:19:19+00:00
368072090,1,2022-03-31 12:11:44+00:00
368076460,1,2022-03-31 12:08:46+00:00
368076480,1,2022-03-31 12:08:44+00:00
368076940,2,2022-03-31 21:52:09+00:00
368078640,1,2022-03-31 23:17:17+00:00
368079660,1,2022-03-31 11:40:32+00:00
368080560,1,2022-03-31 15:53:26+00:00
368081160,1,2022-03-31 09:15:17+00:00
368083040,1,2022-03-31 12:12:46+00:00
368084040,1,2022-03-31 12:08:51+00:00
368085730,1,2022-03-31 20:57:04+00:00
368087690,1,2022-03-31 17:39:51+00:00
368089370,1,2022-03-31 20:26:27+00:00
368095060,1,2022-03-31 10:35:25+00:00
368098220,1,2022-03-31 12:10:51+00:00
368098250,1,2022-03-31 20:14:11+00:00
368103540,1,2022-03-31 12:08:41+00:00
368103560,1,2022-03-31 12:08:40+00:00
368103770,1,2022-03-31 21:51:43+00:00
368104420,1,2022-03-31 21:55:06+00:00
368106230,1,2022-03-31 12:42:49+00:00
368106730,1,2022-03-31 12:08:53+00:00
368107220,1,2022-03-31 21:53:37+00:00
368107910,1,2022-03-31 14:15:40+00:00
368109220,2,2022-03-31 22:06:14+00:00
368110230,1,2022-03-31 12:08:47+00:00
368110240,1,2022-03-31 22:47:52+00:00
368110680,1,2022-03-31 23:15:05+00:00
368111750,1,2022-03-31 12:12:25+00:00
368115350,1,2022-03-31 10:06:00+00:00
368116240,1,2022-03-31 16:49:37+00:00
368117360,1,2022-03-31 21:58:14+00:00
368117720,1,2022-03-31 12:08:45+00:00
368118120,1,2022-03-31 14:24:28+00:00
368120140,1,2022-03-31 12:08:50+00:00
368120450,1,2022-03-31 12:32:29+00:00
368120530,1,2022-03-31 12:08:50+00:00
368122350,1,2022-03-31 16:57:25+00:00
368122840,1,2022-03-31 21:27:05+00:00
368123123,1,2022-03-31 12:08:40+00:00
368123150,1,2022-03-31 12:06:08+00:00
368123960,1,2022-03-31 12:08:42+00:00
368124370,1,2022-03-31 21:43:57+00:00
368125080,1,2022-03-31 15:39:33+00:00
368127630,1,2022-03-31 15:01:04+00:00
368127670,1,2022-03-31 23:59:17+00:00
368128190,1,2022-03-31 23:45:21+00:00
368128950,1,2022-03-31 12:08:46+00:00
368131070,1,2022-03-31 12:08:48+00:00
368131080,1,2022-03-31 11:17:38+00:00
368133120,1,2022-03-31 10:08:52+00:00
368134280,1,2022-03-31 12:08:45+00:00
368138040,1,2022-03-31 12:08:45+00:00
368139270,1,2022-03-31 22:02:58+00:00
368139280,1,2022-03-31 11:01:42+00:00
368140240,1,2022-03-31 17:22:25+00:00
368141080,1,2022-03-31 20:11:33+00:00
368152730,1,2022-03-31 10:05:07+00:00
368152930,1,2022-03-31 07:32:47+00:00
368157130,1,2022-03-31 12:08:42+00:00
368157390,1,2022-03-31 14:38:38+00:00
368157750,1,2022-03-31 16:54:01+00:00
368157950,1,2022-03-31 10:57:03+00:00
368158550,1,2022-03-31 18:11:58+00:00
368158760,1,2022-03-31 18:42:49+00:00
368158940,1,2022-03-31 12:10:08+00:00
368159010,2,2022-03-31 23:19:15+00:00
368159130,1,2022-03-31 15:21:18+00:00
368159880,1,2022-03-31 12:08:44+00:00
368159920,1,2022-03-31 12:08:44+00:00
368163520,1,2022-03-31 15:35:54+00:00
368163710,1,2022-03-31 12:09:05+00:00
368164540,1,2022-03-31 22:01:42+00:00
368166850,1,2022-03-31 17:23:01+00:00
368167230,1,2022-03-31 12:08:47+00:00
368167250,1,2022-03-31 12:08:48+00:00
368167350,1,2022-03-31 12:08:44+00:00
368169460,1,2022-03-31 12:08:44+00:00
368170010,1,2022-03-31 12:08:40+00:00
368171660,1,2022-03-31 13:07:24+00:00
368171970,1,2022-03-31 23:33:28+00:00
368172370,1,2022-03-31 23:22:58+00:00
368172470,1,2022-03-31 12:08:42+00:00
368173140,1,2022-03-31 12:08:47+00:00
368174560,1,2022-03-31 19:34:13+00:00
368176610,1,2022-03-31 12:09:07+00:00
368176640,1,2022-03-31 19:08:44+00:00
368179440,2,2022-03-31 21:24:08+00:00
368179690,1,2022-03-31 18:51:45+00:00
368179830,1,2022-03-31 12:09:13+00:00
368180640,1,2022-03-31 12:08:40+00:00
368181760,1,2022-03-31 16:55:32+00:00
368183590,1,2022-03-31 12:08:41+00:00
368184920,1,2022-03-31 17:54:28+00:00
368185380,1,2022-03-31 22:39:37+00:00
368185530,1,2022-03-31 17:02:50+00:00
368185620,1,2022-03-31 15:05:36+00:00
368188920,1,2022-03-31 12:08:49+00:00
368191790,1,2022-03-31 16:25:02+00:00
368192230,1,2022-03-31 12:08:55+00:00
368194250,1,2022-03-31 12:14:04+00:00
368200430,1,2022-03-31 12:12:22+00:00
368200880,1,2022-03-31 22:17:06+00:00
368201230,1,2022-03-31 23:11:12+00:00
368202180,1,2022-03-31 15:11:57+00:00
368203470,1,2022-03-31 08:55:24+00:00
368203650,1,2022-03-31 12:09:13+00:00
368206360,1,2022-03-31 11:38:31+00:00
368206680,1,2022-03-31 12:23:41+00:00
368207090,1,2022-03-31 21:40:50+00:00
368209020,1,2022-03-31 14:31:04+00:00
368209740,1,2022-03-31 23:57:35+00:00
368212550,1,2022-03-31 15:19:56+00:00
368213680,1,2022-03-31 20:59:23+00:00
368215830,1,2022-03-31 12:45:25+00:00
368217520,1,2022-03-31 10:33:02+00:00
368217650,1,2022-03-31 12:58:39+00:00
368220470,1,2022-03-31 12:43:49+00:00
368222160,1,2022-03-31 12:08:46+00:00
368223330,2,2022-03-31 22:50:40+00:00
368224110,1,2022-03-31 12:08:43+00:00
368224220,1,2022-03-31 16:16:01+00:00
368224820,1,2022-03-31 12:40:45+00:00
368227050,1,2022-03-31 19:25:45+00:00
368228320,1,2022-03-31 14:09:23+00:00
368229980,1,2022-03-31 12:12:20+00:00
368230230,1,2022-03-31 13:05:38+00:00
368230420,1,2022-03-31 22:23:10+00:00
368231960,1,2022-03-31 23:52:02+00:00
368232580,1,2022-03-31 18:50:54+00:00
368236280,1,2022-03-31 12:08:44+00:00
368236580,1,2022-03-31 12:08:43+00:00
368237000,1,2022-03-31 10:16:38+00:00
368237220,1,2022-03-31 12:08:45+00:00
368238240,1,2022-03-31 12:09:40+00:00
368239150,1,2022-03-31 14:26:32+00:00
368239220,1,2022-03-31 10:54:41+00:00
368241270,1,2022-03-31 15:53:22+00:00
368241390,1,2022-03-31 16:36:33+00:00
368241640,1,2022-03-31 20:07:36+00:00
368242650,1,2022-03-31 16:31:52+00:00
368243320,1,2022-03-31 12:44:40+00:00
368243490,1,2022-03-31 08:39:34+00:00
368244630,1,2022-03-31 19:28:30+00:00
368248000,1,2022-03-31 08:32:09+00:00
368302000,2,2022-03-31 23:02:53+00:00
368335000,1,2022-03-31 08:38:48+00:00
368417000,1,2022-03-31 22:59:49+00:00
368502516,1,2022-03-31 14:42:06+00:00
368515000,1,2022-03-31 17:30:54+00:00
368612000,1,2022-03-31 12:13:37+00:00
368926038,1,2022-03-31 12:08:41+00:00
368926043,1,2022-03-31 12:08:45+00:00
368926054,1,2022-03-31 23:59:36+00:00
369108000,1,2022-03-31 07:14:56+00:00
369141000,1,2022-03-31 15:13:58+00:00
369260000,1,2022-03-31 16:15:41+00:00
369296000,1,2022-03-31 23:59:26+00:00
369361000,1,2022-03-31 13:15:19+00:00
369369000,1,2022-03-31 21:26:30+00:00
369493415,1,2022-03-31 18:08:33+00:00
369493669,2,2022-03-31 22:21:14+00:00
369629000,1,2022-03-31 19:22:11+00:00
369853000,1,2022-03-31 12:08:41+00:00
369970329,1,2022-03-31 12:08:42+00:00
369970379,1,2022-03-31 12:08:45+00:00
369970438,1,2022-03-31 12:08:45+00:00
369970443,1,2022-03-31 12:08:45+00:00
369970472,1,2022-03-31 12:08:46+00:00
369970473,1,2022-03-31 12:08:48+00:00
369970601,1,2022-03-31 18:57:52+00:00
369970628,1,2022-03-31 12:08:47+00:00
369970630,1,2022-03-31 12:08:46+00:00
369970656,1,2022-03-31 12:08:48+00:00
369970732,1,2022-03-31 12:09:12+00:00
369970978,1,2022-03-31 12:08:43+00:00
369990190,1,2022-03-31 17:17:24+00:00
369990225,1,2022-03-31 10:59:11+00:00
369990461,1,2022-03-31 11:41:07+00:00
370490000,1,2022-03-31 22:56:08+00:00
370894000,1,2022-03-31 23:28:49+00:00
371083000,1,2022-03-31 10:17:34+00:00
371353000,1,2022-03-31 19:38:10+00:00
372916000,1,2022-03-31 23:46:06+00:00
372955000,1,2022-03-31 23:53:29+00:00
373198000,1,2022-03-31 10:12:35+00:00
374148000,1,2022-03-31 13:05:32+00:00
374149000,1,2022-03-31 22:45:41+00:00
374875000,1,2022-03-31 23:24:59+00:00
375021000,1,2022-03-31 23:17:41+00:00
377911000,1,2022-03-31 19:28:19+00:00
378111343,1,2022-03-31 09:49:33+00:00
378112304,1,2022-03-31 20:33:23+00:00
378113293,1,2022-03-31 17:17:57+00:00
378113349,1,2022-03-31 12:11:35+00:00
378113382,1,2022-03-31 13:27:31+00:00
378113466,1,2022-03-31 17:58:23+00:00
378391000,1,2022-03-31 21:31:11+00:00
388429625,1,2022-03-31 15:20:54+00:00
405000239,1,2022-03-31 09:23:14+00:00
413173000,1,2022-03-31 16:50:06+00:00
441304000,1,2022-03-31 23:11:23+00:00
477014800,1,2022-03-31 23:21:40+00:00
477110400,1,2022-03-31 19:51:29+00:00
477252700,1,2022-03-31 07:45:15+00:00
477300700,1,2022-03-31 23:59:29+00:00
477478500,1,2022-03-31 21:41:25+00:00
477690700,1,2022-03-31 22:31:23+00:00
477708500,1,2022-03-31 09:26:26+00:00
503115150,1,2022-03-31 20:47:05+00:00
505187000,1,2022-03-31 12:10:15+00:00
518630000,1,2022-03-31 11:50:52+00:00
538003274,1,2022-03-31 23:59:28+00:00
538004150,1,2022-03-31 18:54:18+00:00
538004164,1,2022-03-31 15:11:31+00:00
538004335,1,2022-03-31 22:41:38+00:00
538004416,1,2022-03-31 23:59:28+00:00
538004791,1,2022-03-31 14:28:52+00:00
538005111,1,2022-03-31 19:42:50+00:00
538005117,1,2022-03-31 19:45:46+00:00
538005261,1,2022-03-31 14:16:27+00:00
538005539,1,2022-03-31 19:47:06+00:00
538005740,1,2022-03-31 22:14:11+00:00
538006159,1,2022-03-31 23:59:05+00:00
538006385,1,2022-03-31 23:59:19+00:00
538006693,1,2022-03-31 19:14:14+00:00
538006962,1,2022-03-31 10:30:40+00:00
538007250,1,2022-03-31 07:52:29+00:00
538007611,1,2022-03-31 23:59:05+00:00
538007691,1,2022-03-31 18:37:43+00:00
538008289,1,2022-03-31 18:36:06+00:00
538008349,1,2022-03-31 20:17:33+00:00
538008641,1,2022-03-31 19:35:22+00:00
538008979,1,2022-03-31 12:24:16+00:00
538009142,1,2022-03-31 21:35:18+00:00
538009222,1,2022-03-31 06:47:00+00:00
538070064,1,2022-03-31 21:41:20+00:00
538070485,1,2022-03-31 20:58:26+00:00
538070972,1,2022-03-31 10:45:27+00:00
538079779,1,2022-03-31 23:18:05+00:00
548995000,1,2022-03-31 14:41:49+00:00
563001900,1,2022-03-31 22:08:46+00:00
563036600,1,2022-03-31 23:59:29+00:00
563064100,1,2022-03-31 18:28:37+00:00
563073300,1,2022-03-31 23:59:26+00:00
563077600,1,2022-03-31 21:51:51+00:00
563097200,1,2022-03-31 23:59:30+00:00
563110400,1,2022-03-31 15:00:27+00:00
563126500,1,2022-03-31 23:14:50+00:00
563143000,1,2022-03-31 23:59:28+00:00
563326000,1,2022-03-31 17:47:14+00:00
563637000,1,2022-03-31 22:30:50+00:00
563935000,1,2022-03-31 19:45:43+00:00
564225000,1,2022-03-31 19:48:37+00:00
565592000,1,2022-03-31 19:44:01+00:00
565819000,1,2022-03-31 21:29:09+00:00
566607000,1,2022-03-31 21:40:44+00:00
566699000,1,2022-03-31 07:27:02+00:00
577358000,1,2022-03-31 09:24:50+00:00
577370000,1,2022-03-31 19:51:18+00:00
577403000,1,2022-03-31 23:48:36+00:00
636014809,1,2022-03-31 17:32:02+00:00
636015161,1,2022-03-31 22:32:14+00:00
636016399,1,2022-03-31 18:38:21+00:00
636017382,1,2022-03-31 06:47:45+00:00
636017520,2,2022-03-31 22:02:32+00:00
636017973,1,2022-03-31 20:38:02+00:00
636018189,1,2022-03-31 14:20:42+00:00
636018237,1,2022-03-31 23:59:06+00:00
636018862,1,2022-03-31 19:44:46+00:00
636019077,1,2022-03-31 19:43:51+00:00
636019086,1,2022-03-31 23:18:22+00:00
636019087,1,2022-03-31 14:50:01+00:00
636019213,1,2022-03-31 23:59:39+00:00
636019413,1,2022-03-31 18:20:02+00:00
636019824,1,2022-03-31 20:20:34+00:00
636020121,1,2022-03-31 17:46:12+00:00
636020439,1,2022-03-31 18:56:20+00:00
636020869,1,2022-03-31 22:55:58+00:00
636021061,1,2022-03-31 21:33:53+00:00
636021252,1,2022-03-31 10:37:44+00:00
636021392,1,2022-03-31 23:59:17+00:00
636092678,1,2022-03-31 20:04:53+00:00
636092866,1,2022-03-31 16:11:02+00:00
