MMSI,BaseDateTime,LAT,LON,SOG,COG,Heading,VesselName,IMO,CallSign,VesselType,Status,Length,Width,Draft,Cargo,TransceiverClass
538005955,2022-03-31T05:55:47,29.7475,-95.10412,3.7,90.0,302.0,NIPPON PRINCESS,IMO9380673,V7IK5,80.0,5.0,228.0,42.0,14.8,80.0,A
367127950,2022-03-31T03:38:31,39.99972,-73.69033,7.3,295.6,511.0,D & S EXPRESS,,WDD3256,30.0,,13.0,,,,B
367005270,2022-03-31T14:59:21,30.05855,-91.27603,0.0,240.1,314.0,C J BOYNE,IMO8975859,WDC3285,31.0,0.0,21.0,9.0,,0.0,A
367393020,2022-03-31T18:52:15,29.75787,-95.09697,0.0,16.1,81.0,EMMA M SAVAGE,,WDE7411,31.0,12.0,27.0,10.0,,57.0,A
366998090,2022-03-31T20:54:43,49.15529,-123.0057,0.0,225.0,65.0,MAUNA LOA,IMO5229704,WDC2819,31.0,0.0,36.0,8.0,4.1,32.0,A
218474000,2022-03-31T10:23:56,32.73076,-79.82613,14.3,298.7,298.0,ESSEN EXPRESS,IMO9501370,DCQP2,70.0,0.0,366.0,48.0,15.5,72.0,A
316005725,2022-03-31T11:28:01,49.31115,-123.10632,5.3,6.2,511.0,CHARLES H CATES V,,,31.0,5.0,17.0,7.0,2.4,52.0,A
369990395,2022-03-31T21:46:00,21.30788,-157.87379,0.0,0.0,511.0,CG29395,,CG29395,51.0,0.0,8.0,3.0,1.0,51.0,A
367163760,2022-03-31T20:27:56,29.32811,-94.77423,2.3,141.4,511.0,GIBB GILCHRIST,IMO8643171,WDJ3397,60.0,0.0,80.0,20.0,,60.0,A
477168600,2022-03-31T04:20:22,33.76168,-118.25237,0.0,130.5,246.0,CLIPPER SELO,IMO9543251,VRRU7,70.0,5.0,180.0,28.0,9.5,70.0,A
367473520,2022-03-31T05:34:51,36.20675,-76.71558,0.0,257.9,98.0,ISLAND PILOT,,WDF6368,31.0,12.0,19.0,7.0,,57.0,A
367705000,2022-03-31T16:18:29,47.65702,-122.36757,0.0,333.8,229.0,ROLLO,IMO7427489,WDI3959,30.0,8.0,28.0,7.0,,30.0,A
367636710,2022-03-31T22:24:20,39.26873,-76.58098,0.0,348.5,511.0,ERIC MCALLISTER,IMO9707493,WDH6317,31.0,0.0,29.0,10.0,,52.0,A
367418360,2022-03-31T11:30:07,48.51106,-122.64621,0.0,360.0,511.0,TURNING POINT,,WDE9534,37.0,,20.0,5.0,,,B
367612330,2022-03-31T23:06:22,29.14308,-90.21801,0.0,131.6,250.0,HOS BLACK WATCH,IMO9647710,WDH3922,90.0,0.0,95.0,19.0,6.4,70.0,A
367457870,2022-03-31T23:07:16,34.2424,-119.26397,0.0,360.0,511.0,SEA WAVE,IMO8885535,WDF4968,30.0,,23.0,6.0,,,B
477293900,2022-03-31T20:42:34,33.65505,-124.77245,14.9,76.9,72.0,CSCL SUMMER,IMO9645865,VRMZ7,70.0,0.0,335.0,48.0,15.0,71.0,A
367530150,2022-03-31T15:33:15,48.51425,-122.60807,0.0,207.1,511.0,TAHOMA,IMO0000000,,37.0,,11.0,4.0,,,B
477493100,2022-03-31T20:11:06,29.76215,-95.09098,0.0,318.2,45.0,JOSCO CHANGZHOU,IMO9458224,VRIH4,70.0,5.0,196.0,32.0,12.7,70.0,A
303398000,2022-03-31T20:17:25,48.28484,-122.62091,0.0,168.2,260.0,TAURUS,IMO7941021,WYH6499,31.0,0.0,27.0,8.0,3.0,31.0,A
366995260,2022-03-31T22:57:27,30.47007,-91.19301,0.0,160.3,269.0,CAPT JAMES HOOVER,,WDC2583,31.0,0.0,16.0,6.0,,52.0,A
368016810,2022-03-31T03:04:12,41.63319,-70.91826,0.0,360.0,511.0,FREEDOM,,WDJ8477,30.0,0.0,40.0,10.0,4.2,30.0,A
338094485,2022-03-31T18:27:17,29.54766,-95.04146,0.0,191.8,259.0,CELTIC CROSS,,,37.0,,11.0,4.0,,,B
366993380,2022-03-31T10:59:30,30.23895,-91.12765,0.0,338.3,511.0,GRACE NICOLE,,WDC2451,31.0,0.0,25.0,9.0,,52.0,A
368139720,2022-03-31T08:47:47,28.14108,-96.9056,6.9,218.9,220.0,SIGNET VOLUNTEER,IMO1001301448,WDL5289,52.0,0.0,99.0,14.0,0.6,57.0,A
366967350,2022-03-31T22:58:09,30.01046,-93.9818,0.0,63.1,53.0,CAPE ANN,IMO7429097,WDJ3663,31.0,0.0,32.0,9.0,4.0,52.0,A
367003850,2022-03-31T06:13:55,29.61494,-90.70835,0.0,252.0,511.0,ALBERT J SETTOON,,WDD4739,31.0,15.0,13.0,6.0,,90.0,A
366993250,2022-03-31T12:14:18,47.21492,-122.66619,0.0,190.5,511.0,REDWOOD CITY,,WUS6454,31.0,0.0,18.0,5.0,,52.0,A
367712620,2022-03-31T19:15:32,40.30616,-79.87311,0.1,313.9,511.0,USS-4,,WDI5850,31.0,15.0,20.0,,,52.0,A
368135490,2022-03-31T23:01:38,30.42556,-89.0331,0.0,6.6,511.0,SEA INNOVATOR I,IMO8973356,WDL4854,0.0,15.0,41.0,10.0,0.0,0.0,A
367015890,2022-03-31T20:35:23,40.64434,-74.11299,0.0,360.0,511.0,DOROTHY J,,WDC3893,31.0,0.0,19.0,7.0,,52.0,A
367506850,2022-03-31T10:15:31,30.34228,-88.51045,0.0,330.3,511.0,SIGNET VICTORY,IMO8968208,WDF9599,31.0,0.0,24.0,9.0,,52.0,A
338878000,2022-03-31T13:13:52,29.14199,-90.21205,0.0,29.6,160.0,RENEE,IMO9704271,WDH7420,90.0,0.0,84.0,18.0,5.9,90.0,A
338404311,2022-03-31T19:05:15,30.39904,-87.24356,0.0,240.4,511.0,OLVIDO,IMO0000000,,37.0,,9.0,1.0,,,B
316023605,2022-03-31T15:30:11,49.23125,-122.77072,0.0,228.8,221.0,HARKEN NO 7,IMO7233266,,31.0,0.0,22.0,7.0,,32.0,A
338240311,2022-03-31T23:50:11,41.48826,-71.31813,0.0,33.9,511.0,PARADISE FOUND,,,37.0,,,,,,B
368055646,2022-03-31T08:19:33,29.94397,-90.38473,0.0,247.5,511.0,SCOTT T SLATTEN,IMO8890322,WDC3384,52.0,0.0,0.0,0.0,0.0,52.0,A
338166523,2022-03-31T13:29:44,37.77708,-122.29666,0.0,348.4,511.0,GOLDFISH,,,37.0,,,,,,B
367635140,2022-03-31T15:01:09,28.13356,-89.20015,4.7,0.7,5.0,AVERY ISLAND,IMO9730311,WDH6152,90.0,0.0,95.0,20.0,6.9,70.0,A
367781000,2022-03-31T21:47:59,32.83814,-79.93266,0.0,155.6,184.0,MISSOURI EXPRESS,IMO9349552,WDM2203,70.0,5.0,306.0,40.0,13.2,70.0,A
368183420,2022-03-31T09:34:10,34.72555,-76.66493,0.0,360.0,511.0,SWEET DAY,IMO0000000,WDL9920,37.0,,9.0,3.0,,,B
338320958,2022-03-31T20:34:42,32.80423,-117.43446,4.2,288.2,511.0,OCEAN SPIRIT II,IMO0000000,,36.0,,17.0,9.0,,,B
367537610,2022-03-31T10:20:59,47.65125,-122.21311,0.0,308.2,511.0,MIRAMARE,,WDG4537,37.0,5.0,20.0,,,37.0,A
367003920,2022-03-31T15:55:20,29.83409,-90.0607,0.0,257.4,155.0,TENNESSEE MERCHANT,,WDC3208,31.0,0.0,37.0,10.0,,31.0,A
366998040,2022-03-31T00:15:06,30.10985,-91.31362,0.6,322.5,511.0,ST JOSEPH,IMO8983131,WDC2814,31.0,12.0,22.0,10.0,,57.0,A
368035660,2022-03-31T21:03:34,30.47331,-86.98575,0.0,260.3,511.0,BAYOU COMMANDER,IMO0520332,WDF7295,31.0,15.0,21.0,8.0,2.6,31.0,A
368114310,2022-03-31T19:07:05,39.92164,-75.20334,0.0,360.0,511.0,LIBERTY,IMO0000000,WDL2670,51.0,,12.0,4.0,,,B
368244180,2022-03-31T19:20:59,30.40263,-88.25782,0.0,121.4,357.0,,,,57.0,15.0,25.0,11.0,0.0,57.0,A
338306518,2022-03-31T13:15:12,29.28425,-94.85673,0.0,360.0,511.0,CAZADORA,IMO0000000,,37.0,,16.0,5.0,,,B
368121940,2022-03-31T08:56:57,38.39972,-82.54563,0.0,49.4,149.0,LOUIS DEVILLE,,WDK1234,31.0,12.0,37.0,11.0,3.1,31.0,A
367479560,2022-03-31T16:32:59,30.06795,-93.71728,0.0,0.0,23.0,FLORIDA,IMO9031179,WDM2091,52.0,5.0,25.0,10.0,4.0,52.0,A
367003220,2022-03-31T06:27:11,29.47684,-90.24152,0.0,170.8,511.0,CHARLOTTE C SETTOON,,WDD4755,31.0,0.0,15.0,6.0,,52.0,A
316011710,2022-03-31T09:16:27,41.9068,-82.12866,13.3,249.2,248.0,ALGOMA HARVESTER,IMO9613939,XJBK,70.0,0.0,222.0,23.0,14.7,70.0,A
368189190,2022-03-31T06:06:47,29.77211,-93.34731,0.1,147.2,511.0,DUKE,IMO9264623,WDM2550,79.0,5.0,0.0,0.0,3.9,79.0,A
368098720,2022-03-31T16:36:23,47.62928,-122.39283,0.0,360.0,511.0,MAKE IT SO,IMO0000000,WDK8917,37.0,,9.0,3.0,,,B
368872000,2022-03-31T09:14:51,32.76093,-117.6407,5.9,110.0,110.0,US WARSHIP 22,,,35.0,0.0,129.0,32.0,0.0,35.0,A
366920510,2022-03-31T20:16:50,36.88012,-76.32861,0.0,66.8,511.0,KAYE E MORAN,IMO9311373,WDB6244,31.0,0.0,28.0,9.0,3.3,52.0,A
368043510,2022-03-31T16:19:45,27.84712,-97.23667,5.8,154.8,153.0,CC LAQUINTA,IMO9824124,WDK3263,20.0,0.0,30.0,12.0,6.0,20.0,A
367126410,2022-03-31T22:58:49,25.9564,-97.38893,0.0,192.3,249.0,AVE MARIA,,WDD5063,31.0,12.0,22.0,10.0,,57.0,A
367668520,2022-03-31T10:50:52,29.58168,-90.37771,0.0,276.4,299.0,AVOREE NOEL,IMO8332629,WDH9480,31.0,0.0,21.0,7.0,,31.0,A
367517750,2022-03-31T08:59:54,30.04772,-90.59977,0.0,242.3,511.0,MARSHALL B BARNES,,WDG2645,31.0,1.0,26.0,,,31.0,A
338391033,2022-03-31T13:14:09,33.97988,-118.44703,0.0,360.0,511.0,LA PATRONA,IMO0000000,,37.0,,11.0,4.0,,,B
338208224,2022-03-31T02:42:44,33.728,-118.0591,0.0,216.0,511.0,LIFE IS GRAND,,,37.0,,,,,,B
366955670,2022-03-31T02:47:00,28.40875,-80.66511,0.0,360.0,511.0,SIGNET FREEDOM,,WDB8256,31.0,0.0,18.0,7.0,,31.0,A
367415010,2022-03-31T03:22:48,30.10431,-90.91651,3.6,1.8,511.0,CAJOLE,,WDE9234,52.0,0.0,21.0,8.0,2.5,52.0,A
567111000,2022-03-31T11:02:31,49.14084,-123.05002,9.5,220.2,220.0,SUNISA NAREE,IMO9751248,HSLS,70.0,8.0,199.0,32.0,,70.0,A
366062000,2022-03-31T16:41:00,47.63588,-122.32956,0.0,326.1,511.0,NORTHERN HAWK,IMO8030489,KUCE,30.0,0.0,104.0,15.0,6.1,30.0,A
366947510,2022-03-31T00:47:37,38.56817,-90.23421,0.0,336.0,36.0,INEZ ANDREAS,,WDB7752,31.0,0.0,56.0,15.0,,57.0,A
367465950,2022-03-31T15:55:09,32.92668,-79.83229,0.0,160.8,511.0,SATISFACTION,,WDF5668,37.0,,18.0,5.0,,,B
367003390,2022-03-31T06:35:04,29.88999,-89.9974,0.0,157.6,27.0,HENRI,,WDF2420,31.0,12.0,21.0,8.0,,57.0,A
538071326,2022-03-31T06:48:46,18.45983,-66.09027,0.0,180.8,280.0,BELLA,IMO9323261,V7JQ9,37.0,5.0,60.0,6.0,3.3,37.0,A
368092650,2022-03-31T20:48:48,30.69713,-81.4662,0.0,360.0,511.0,LINDY LOU,,WDK8285,52.0,0.0,15.0,7.0,0.0,52.0,A
368038080,2022-03-31T00:29:24,18.23009,-65.6202,0.0,110.6,125.0,SUMMER    WIND,,WDK2706,60.0,0.0,33.0,10.0,0.0,60.0,A
376642000,2022-03-31T10:16:35,26.09657,-80.17008,0.0,360.0,511.0,SUN ARK,,J8Y3259,37.0,5.0,36.0,7.0,1.6,37.0,A
366712000,2022-03-31T04:55:21,47.65602,-122.37818,0.0,323.8,357.0,ST JOHN II,,WAM8271,30.0,7.0,17.0,5.0,,30.0,A
368232030,2022-03-31T04:10:20,29.37451,-94.78078,0.0,360.0,511.0,RANGER,,WDM7226,33.0,3.0,30.0,12.0,0.0,33.0,A
368085340,2022-03-31T07:16:57,34.24111,-119.2638,0.0,38.4,511.0,CRYSTAL BAY,IMO0000000,WDK7535,30.0,,7.0,30.0,,,B
378113021,2022-03-31T05:54:17,25.77212,-80.14078,1.2,222.9,322.0,CORINTIOS,IMO0000000,ZJL2015,37.0,,0.0,0.0,,,B
538007621,2022-03-31T08:09:07,29.38563,-93.64484,8.4,155.4,152.0,FLEX RANGER,IMO9709025,V7XI9,80.0,0.0,293.0,46.0,11.4,80.0,A
367755280,2022-03-31T23:20:05,48.66713,-122.72486,6.7,123.6,511.0,CELEBRATE,IMO0000000,WDK5970,37.0,,14.0,5.0,,,B
232032072,2022-03-31T20:44:12,18.45915,-66.09036,0.0,360.0,511.0,OUTTA TOUCH,IMO0000000,MILP6,37.0,,32.0,9.0,,,B
367653470,2022-03-31T11:27:35,28.87653,-95.43448,1.8,225.4,229.0,CAPT PETE,,WDH7978,31.0,0.0,23.0,,,57.0,A
311000346,2022-03-31T22:54:30,24.0988,-80.79398,14.1,237.9,236.0,CONTINENTAL,IMO9714381,C6BR8,80.0,0.0,225.0,,,80.0,A
303679000,2022-03-31T17:47:44,48.10624,-122.77971,0.0,53.7,511.0,DEFIANT,IMO8662957,WDI7041,30.0,,21.0,8.0,,,B
563088600,2022-03-31T08:49:28,23.71205,-81.9659,12.0,274.3,268.0,LOWLANDS YELLOW,IMO9731212,9V6444,70.0,0.0,240.0,39.0,9.4,70.0,A
369970637,2022-03-31T20:33:30,32.67461,-117.12394,0.0,75.4,511.0,USS ANCHORAGE,,NGRQ,90.0,0.0,196.0,,,0.0,A
316005998,2022-03-31T10:56:40,49.29134,-123.05841,0.0,322.7,56.0,OSPREY NO 1,IMO9158173,CFG7757,30.0,7.0,57.0,13.0,5.7,30.0,A
367341890,2022-03-31T11:13:11,34.9674,-76.80659,0.0,360.0,511.0,NEUSE,IMO8643200,WCY3174,60.0,0.0,51.0,13.0,,60.0,A
366816020,2022-03-31T19:39:10,29.72125,-95.27439,0.0,351.1,511.0,SCOTT R WILSON,IMO8635667,WDA5062,31.0,12.0,22.0,9.0,,52.0,A
368193180,2022-03-31T19:37:12,30.09768,-91.30966,5.8,184.1,180.0,INTRA RECOIL,,WDM2987,57.0,12.0,23.0,7.0,2.8,57.0,A
367775320,2022-03-31T17:07:06,29.93825,-90.22204,5.2,43.0,511.0,LOUISIANA TRANSPORTE,,WDJ4190,31.0,0.0,,,,31.0,A
367505030,2022-03-31T12:59:37,29.3725,-94.89167,0.0,8.0,272.0,FRANK JAHN,,WDF9425,31.0,12.0,26.0,9.0,,57.0,A
367186630,2022-03-31T02:25:45,29.31427,-94.79278,0.0,202.2,147.0,GLORIA A,,WDD7452,60.0,0.0,49.0,9.0,,70.0,A
367650150,2022-03-31T12:28:02,33.71976,-118.27975,0.0,214.2,511.0,LIONHEART,,WDH7640,37.0,,14.0,,,,B
368067550,2022-03-31T12:10:43,29.90097,-81.30461,4.6,225.7,511.0,LOVE NEST,IMO0000000,WDK5710,36.0,,12.0,6.0,,,B
366902260,2022-03-31T15:48:18,40.84528,-73.76243,5.3,35.2,37.0,CHRISTINE MCALLISTER,IMO7390985,WDB4780,31.0,11.0,39.0,11.0,5.6,52.0,A
367192710,2022-03-31T07:48:10,29.28543,-89.36026,0.0,149.0,511.0,BAR PILOT,,WDD7896,60.0,15.0,15.0,5.0,,50.0,A
367506850,2022-03-31T19:29:01,30.34403,-88.50728,0.0,14.0,511.0,SIGNET VICTORY,IMO8968208,WDF9599,31.0,0.0,24.0,9.0,,52.0,A
367451120,2022-03-31T02:43:14,32.85567,-79.95546,0.0,175.7,511.0,PORT ARTHUR,,WDF4374,31.0,0.0,17.0,6.0,,31.0,A
368151960,2022-03-31T13:02:21,24.95428,-80.60098,0.0,360.0,511.0,DOT'S WAY,IMO0000000,WDL6564,37.0,,10.0,5.0,,,B
316016864,2022-03-31T22:20:22,49.46028,-123.4624,7.1,358.3,511.0,HOBO II,,CFK9464,37.0,,,,,,B
518100304,2022-03-31T05:21:36,25.68868,-80.26514,0.0,288.3,511.0,NAMASTE',IMO9829540,E5U3240,37.0,5.0,42.0,9.0,2.8,37.0,A
367267000,2022-03-31T04:40:32,30.34486,-87.26522,0.0,199.3,511.0,CG DILIGENCE,,NMUD,90.0,5.0,64.0,10.0,,55.0,A
367682990,2022-03-31T17:22:04,29.96319,-93.18475,0.0,203.7,307.0,RENA MARIE,,WDI2909,31.0,0.0,26.0,,,90.0,A
367625190,2022-03-31T13:44:10,29.71994,-90.11735,0.0,0.0,511.0,GAR,IMO7832000,WDH5167,90.0,0.0,21.0,14.0,,90.0,A
368115530,2022-03-31T19:06:04,48.75827,-122.49892,0.0,360.0,511.0,TWO LUCKY DUCKS,IMO0000000,WDL2803,37.0,,17.0,5.0,,,B
368194280,2022-03-31T02:37:02,44.1484,-68.67776,0.0,360.0,511.0,FAYE RENAE,IMO0000000,,30.0,,15.0,6.0,,,B
368083440,2022-03-31T02:20:57,40.57102,-80.22876,0.0,210.8,154.0,TAYLOR MARIE,,WDK7336,32.0,0.0,33.0,12.0,2.9,32.0,A
367530080,2022-03-31T11:38:31,45.63454,-122.78601,8.1,32.3,511.0,SOMMER S,IMO9669811,WDG3830,31.0,0.0,23.0,10.0,,52.0,A
367480010,2022-03-31T20:58:27,47.33188,-122.50781,0.0,33.4,24.0,WSF SALISH,IMO9618329,WDF6992,60.0,0.0,83.0,19.0,3.2,60.0,A
440009000,2022-03-31T06:21:39,36.73073,-75.6441,0.0,154.3,193.0,HYUNDAI DRIVE,IMO9637246,D7DV,70.0,1.0,366.0,48.0,11.7,70.0,A
367589170,2022-03-31T05:07:25,28.59596,-96.61974,0.0,266.1,511.0,JUTTE CENAC,IMO8989939,WDG9574,31.0,0.0,22.0,8.0,,23.0,A
367537070,2022-03-31T20:25:32,29.8267,-90.00265,0.0,360.0,511.0,JAY C,,WDG4487,60.0,0.0,14.0,,,50.0,A
338325347,2022-03-31T21:47:03,29.54561,-95.06703,0.0,142.8,51.0,FUELISH PLEASURE,IMO0000000,,37.0,,14.0,4.0,,,B
338122738,2022-03-31T02:25:03,33.72396,-118.28374,0.0,151.4,511.0,FREE SPIRIT,,,37.0,,12.0,,,,B
374875000,2022-03-31T12:45:41,44.23645,-66.70458,11.3,50.2,55.0,NORD BERING,IMO9738820,3ELT6,70.0,0.0,199.0,,,70.0,A
368153940,2022-03-31T20:06:58,33.71951,-118.05835,0.0,359.0,271.0,UNO MAS,IMO0000000,WDL6772,37.0,,16.0,4.0,,,B
367479990,2022-03-31T09:22:48,48.11096,-122.75888,0.0,332.4,318.0,WSF KENNEWICK,IMO9618331,WDF6991,60.0,0.0,83.0,19.0,3.2,60.0,A
367307850,2022-03-31T19:31:41,40.70752,-73.97229,0.0,164.2,126.0,ATLANTIC COAST,IMO9484065,WDD9171,31.0,0.0,31.0,10.0,3.6,52.0,A
367150210,2022-03-31T10:04:31,36.96484,-76.29702,0.0,325.7,511.0,SEAWARD 15,,WDD4862,60.0,0.0,21.0,3.0,2.0,60.0,A
338424728,2022-03-31T12:23:13,34.35338,-77.68429,8.1,50.3,511.0,NANCY LAKIN,IMO0000000,,37.0,,6.0,4.0,,,B
367743710,2022-03-31T09:59:31,33.00765,-79.91134,0.0,29.4,103.0,ISLAND MERCHANT,IMO8971592,WDI8942,31.0,0.0,19.0,,,52.0,A
565321000,2022-03-31T22:30:22,29.3128,-89.3754,15.8,148.1,150.0,EPIC MADEIRA,IMO9341902,S6HE4,80.0,0.0,119.0,19.0,7.6,89.0,A
367325750,2022-03-31T17:17:15,30.01204,-89.91349,0.0,301.6,77.0,MISS ABBY,,WDE2473,31.0,0.0,29.0,9.0,,57.0,A
338089481,2022-03-31T13:54:29,34.4255,-77.56274,11.2,65.9,511.0,PASSAGE,,,37.0,,17.0,4.0,,,B
338411000,2022-03-31T05:46:12,29.98753,-81.65716,0.0,256.1,511.0,JOHN P LAB,IMO9212424,WCY9737,90.0,5.0,64.0,14.0,4.6,29.0,A
368060940,2022-03-31T12:07:43,28.95098,-95.34282,0.0,360.0,511.0,STRESS RELIEF,IMO0000000,WDK5025,37.0,,22.0,6.0,,,B
366886630,2022-03-31T22:18:55,33.52351,-117.87937,7.9,295.3,511.0,EXY JOHNSON,,WDB3395,90.0,0.0,22.0,6.0,,36.0,A
338234735,2022-03-31T18:34:26,47.30528,-122.51134,0.3,24.1,511.0,SOL DESIRE,IMO0000000,,37.0,,18.0,5.0,,,B
367649090,2022-03-31T08:05:54,35.51555,-89.94188,0.0,265.4,511.0,JUDY PRINCE,IMO7619915,WDH7530,31.0,10.0,24.0,8.0,,56.0,A
368205880,2022-03-31T23:40:43,29.77909,-95.10034,0.0,224.5,511.0,NICHOLAS VETO,,WDM4383,57.0,12.0,19.0,9.0,2.1,57.0,A
367614749,2022-03-31T00:03:38,42.06187,-90.17072,0.0,360.0,511.0,WILLIAM E LAWSON,,,52.0,0.0,0.0,0.0,0.0,52.0,A
366074000,2022-03-31T09:19:47,29.74908,-95.16921,0.0,360.0,511.0,RMS VICTORY,,WDG5259,60.0,0.0,25.0,7.0,,60.0,A
311000954,2022-03-31T11:19:02,29.3435,-87.66607,7.5,308.6,310.0,CANOPUS VOYAGER,IMO9897846,C6EO5,80.0,0.0,250.0,44.0,10.2,80.0,A
316005717,2022-03-31T00:23:29,49.1702,-122.92408,0.0,0.0,511.0,SEASPAN VENTURE,,,52.0,0.0,18.0,7.0,3.1,52.0,A
367852000,2022-03-31T11:30:52,36.57991,-75.48529,9.9,344.3,345.0,WILLIAM MCLEAN,IMO9552006,NWMC,90.0,0.0,210.0,32.0,9.7,90.0,A
477464100,2022-03-31T18:53:08,29.83487,-93.96554,0.0,302.4,307.0,CHINA SPIRIT,IMO9655846,VRLC4,70.0,5.0,180.0,28.0,8.9,70.0,A
367186210,2022-03-31T10:13:21,36.83724,-76.29111,0.0,360.0,511.0,NORTH STAR STATE,IMO9010371,WDD7423,31.0,15.0,12.0,4.0,,52.0,A
367375360,2022-03-31T00:45:33,43.37163,-124.21043,0.0,93.5,181.0,OCEAN ANGEL 3,,WDE6065,30.0,8.0,0.0,0.0,2.3,30.0,A
338358224,2022-03-31T14:04:08,27.50639,-82.51538,0.0,360.0,511.0,BEL SOGNO,IMO0000000,,30.0,,7.0,2.0,,,B
229969000,2022-03-31T16:07:15,38.1465,-123.834,4.5,291.0,302.0,ID PIONEER,IMO9665700,9HA3761,70.0,0.0,179.0,30.0,10.2,70.0,A
338216539,2022-03-31T17:45:12,47.64981,-122.33011,0.0,184.3,511.0,CELEBRATE,IMO0000000,,37.0,,18.0,6.0,,,B
367470340,2022-03-31T20:27:58,47.62805,-122.3947,0.0,217.0,272.0,SEA LION,,WDF6072,37.0,5.0,21.0,5.0,,37.0,A
367189610,2022-03-31T14:05:16,28.8843,-80.84338,6.4,333.9,511.0,SAILS,IMO0000000,WDD7670,37.0,,17.0,9.0,,,B
367692910,2022-03-31T16:46:31,40.80029,-91.09775,0.0,360.0,511.0,BURLINGTON,,WDI3883,31.0,0.0,17.0,,,0.0,A
367015310,2022-03-31T11:08:33,30.65944,-88.04109,0.0,315.0,511.0,MISS MARION,,WDI5380,31.0,15.0,15.0,6.0,,0.0,A
368182290,2022-03-31T21:06:51,18.3332,-64.95276,0.0,232.7,50.0,LADY LORRIANE,,WDL9795,37.0,0.0,13.0,14.0,2.0,37.0,A
538009711,2022-03-31T18:01:18,37.95163,-121.33138,0.0,7.6,265.0,NANI K,IMO9694995,V7A5073,70.0,5.0,180.0,30.0,7.6,70.0,A
257502000,2022-03-31T19:16:11,29.91893,-89.92428,8.2,306.2,296.0,BELTIDE,IMO9764063,LAJC8,79.0,0.0,190.0,32.0,6.6,79.0,A
368070620,2022-03-31T16:01:19,37.18649,-88.38126,0.0,301.6,511.0,PATRIOT,,WDK6037,31.0,0.0,15.0,6.0,1.7,31.0,A
538006153,2022-03-31T17:38:21,29.949,-93.86428,0.0,198.4,206.0,SEACOR DIAMOND,IMO9225495,V7FV9,90.0,0.0,72.0,16.0,5.0,90.0,A
319167500,2022-03-31T18:23:47,26.09675,-80.16376,0.0,175.0,355.0,AJ,IMO9861952,ZGIX6,37.0,5.0,49.0,9.0,2.8,37.0,A
367373000,2022-03-31T04:51:44,28.66156,-89.55149,0.0,23.0,22.0,TRUE NORTH,,WDG6679,37.0,15.0,33.0,,,10.0,A
368110410,2022-03-31T18:54:04,29.95446,-90.14761,2.4,262.2,261.0,GOSIER,,WDL2254,57.0,0.0,21.0,9.0,2.8,52.0,A
367549260,2022-03-31T07:44:54,29.93645,-89.99905,2.9,302.5,302.0,ROGER F WICKER,,WDG5692,31.0,0.0,24.0,,,57.0,A
366919230,2022-03-31T17:52:18,36.05887,-95.53646,0.0,327.8,124.0,LARRY TILLEY,,WY2160,31.0,0.0,34.0,10.0,,31.0,A
367400930,2022-03-31T22:40:38,41.59,-71.28495,0.0,360.0,192.0,CHASSEUR,,WDI6985,37.0,,15.0,4.0,,,B
366982340,2022-03-31T16:09:23,47.63204,-122.37932,0.0,299.7,356.0,BRYNN FOSS,IMO8127567,WTT8531,31.0,0.0,30.0,11.0,4.9,52.0,A
368149440,2022-03-31T16:30:36,30.0122,-95.11313,0.0,360.0,511.0,CORREGIDOR,,WDL6304,99.0,15.0,10.0,5.0,0.0,79.0,A
338247363,2022-03-31T07:32:37,25.78318,-80.21512,0.6,177.0,511.0,BALLYHOO,IMO0000000,,37.0,,24.0,7.0,,,B
338428802,2022-03-31T22:07:10,26.7611,-82.05989,0.5,326.2,511.0,FAELAN,IMO0000000,FAELAN,37.0,,16.0,5.0,,,B
368237000,2022-03-31T15:41:48,18.22849,-65.61905,0.0,360.0,511.0,CAYO LARGO,IMO9535113,WDE5350,60.0,0.0,50.0,14.0,2.1,60.0,A
369494404,2022-03-31T03:20:11,42.07118,-73.93666,0.1,148.5,260.0,CG49404,,,90.0,0.0,14.0,,,51.0,A
316005971,2022-03-31T23:35:06,42.86513,-79.57355,0.0,35.5,48.0,BEVERLY M I,IMO9084047,CFP2004,31.0,0.0,34.0,10.0,5.3,99.0,A
367587440,2022-03-31T20:51:19,40.66584,-74.01321,0.0,360.0,511.0,PELHAM,IMO5108182,WDG9405,31.0,15.0,25.0,8.0,2.5,99.0,A
367081860,2022-03-31T10:08:32,30.00151,-91.47692,4.4,333.3,329.0,AUSTIN GOLDING,,WDC8113,31.0,0.0,27.0,8.0,,57.0,A
366820360,2022-03-31T09:44:03,30.04706,-90.65322,1.4,45.3,511.0,MADELEINE MICHELLE,,WDA5462,31.0,15.0,18.0,7.0,,31.0,A
367581960,2022-03-31T08:51:54,29.79187,-92.1427,0.0,0.0,111.0,MS ISABELLA ROSE,IMO8964484,WDG8874,90.0,0.0,44.0,10.0,3.0,70.0,A
538007477,2022-03-31T22:20:06,49.30093,-123.22188,0.0,9.0,276.0,HYUNDAI BRAVE,IMO9346304,V7EY4,79.0,1.0,339.0,45.0,13.5,79.0,A
368141710,2022-03-31T22:14:31,33.36882,-118.33476,7.2,139.5,511.0,MARCELLA MAE,IMO0000000,WDL5500,36.0,,13.0,4.0,,,B
376146000,2022-03-31T13:10:47,49.14438,-123.03313,0.1,74.0,111.0,SEASPAN TRANSPORTER,IMO9886407,J8B6274,70.0,5.0,149.0,26.0,3.9,70.0,A
367506840,2022-03-31T18:26:04,30.33193,-88.51082,0.0,360.0,511.0,SIGNET VALIANT,IMO8964551,WDF9598,31.0,15.0,24.0,9.0,,0.0,A
368161580,2022-03-31T10:32:20,29.62429,-89.91708,0.0,198.1,315.0,KEENELAND,,WDL7591,57.0,12.0,20.0,9.0,3.0,57.0,A
368210950,2022-03-31T06:25:43,28.9488,-95.32693,0.0,359.7,53.0,CHRIS MILLER,IMO1307034,WDM4918,52.0,12.0,24.0,12.0,2.7,57.0,A
338420323,2022-03-31T19:17:35,30.46194,-87.91886,0.0,360.0,511.0,TIME DECAY,IMO0000000,,37.0,,10.0,4.0,,,B
316039288,2022-03-31T23:30:59,48.43149,-123.37642,0.0,313.1,320.0,CASCADIA,IMO8745216,CFA2941,60.0,5.0,42.0,13.0,2.2,60.0,A
368043470,2022-03-31T03:26:44,27.88091,-97.27256,0.0,308.9,173.0,CC GREGORY,IMO9824100,WDK3260,52.0,0.0,31.0,13.0,5.9,52.0,A
367452990,2022-03-31T00:28:35,29.65792,-91.03092,0.0,360.0,511.0,TODD DANOS,IMO8023785,WDG9280,31.0,11.0,32.0,9.0,3.9,31.0,A
368052910,2022-03-31T05:18:53,30.00933,-89.91922,0.0,274.0,511.0,LIL' EMI,,WDK4206,31.0,15.0,17.0,7.0,3.5,31.0,A
368063390,2022-03-31T10:39:03,38.83817,-76.53271,0.0,96.1,96.0,ALSVINA,IMO0000000,WDK5284,36.0,,13.0,4.0,,,B
367402650,2022-03-31T17:53:11,39.38538,-81.40687,4.2,348.0,338.0,NANCY STURGIS,,WDE8196,31.0,15.0,28.0,7.0,,31.0,A
316004946,2022-03-31T23:49:07,48.42483,-123.37072,0.0,47.2,511.0,MARAUDER IV,,,60.0,,15.0,5.0,1.2,,B
367681460,2022-03-31T20:42:15,37.18492,-89.06403,0.0,216.5,511.0,ST JAMES,,WDI2761,31.0,0.0,23.0,,,31.0,A
367508680,2022-03-31T16:00:11,29.35064,-90.24773,0.0,245.8,511.0,CROSBY INTEGRITY,IMO9264427,WDH3351,31.0,15.0,30.0,10.0,4.6,31.0,A
366982320,2022-03-31T05:21:11,47.63208,-122.37917,0.0,249.2,359.0,MARSHALL FOSS,IMO8971877,WDB9762,31.0,0.0,28.0,12.0,3.8,52.0,A
338454000,2022-03-31T08:37:20,41.05009,-71.07456,1.0,4.3,280.0,BERTO L MILLER,IMO8964850,WDG6273,90.0,0.0,49.0,13.0,3.1,70.0,A
367425520,2022-03-31T16:24:58,37.83059,-122.40347,25.3,162.1,163.0,SCORPIO,IMO9550761,WDF2159,60.0,0.0,34.0,8.0,1.9,61.0,A
367420410,2022-03-31T18:44:46,30.07651,-90.90895,0.0,236.5,151.0,DEANA ANN,,WDE9715,31.0,15.0,51.0,12.0,,31.0,A
477519900,2022-03-31T05:48:56,29.45614,-120.77015,10.8,308.4,310.0,JERICHO BEACH,IMO9610705,VRMQ5,70.0,0.0,172.0,30.0,10.5,70.0,A
367704950,2022-03-31T17:11:58,29.98355,-90.39719,0.5,344.8,511.0,ARCHIE T HIGGINS,IMO9796236,WDI5080,31.0,0.0,27.0,,,31.0,A
367637490,2022-03-31T06:28:11,29.76383,-95.09323,0.0,192.0,143.0,TUTTY CENAC,,WDH6395,31.0,12.0,21.0,,,57.0,A
338208708,2022-03-31T19:07:32,32.71258,-117.22996,0.0,151.4,511.0,MAURA LEE,,,37.0,,,,,,B
255806474,2022-03-31T10:09:40,47.26555,-122.44222,0.0,331.1,332.0,ANDONIS,IMO9763916,CQES7,70.0,5.0,229.0,33.0,7.4,70.0,A
368052580,2022-03-31T07:42:58,29.60999,-89.87115,0.0,119.6,288.0,WOOD RIVER,IMO101233527,WDK4175,57.0,12.0,114.0,34.0,3.0,57.0,A
367001730,2022-03-31T05:29:00,30.15464,-90.99648,0.0,264.3,511.0,VERA BISSO,IMO9221140,WDC3027,31.0,0.0,31.0,12.0,4.9,52.0,A
367582020,2022-03-31T12:35:32,29.14859,-90.22371,0.0,0.0,277.0,MS GERT,IMO8315736,WDG8880,90.0,0.0,51.0,12.0,3.8,39.0,A
366982430,2022-03-31T08:04:51,41.03872,-66.92078,0.6,169.4,174.0,K.A.T.E. II,IMO8990419,WDB9768,30.0,15.0,30.0,8.0,,30.0,A
367779890,2022-03-31T16:23:48,29.78745,-95.06806,0.0,43.3,62.0,MAVERICK J,,WDJ4664,31.0,12.0,20.0,,,57.0,A
367713780,2022-03-31T10:33:32,29.72037,-93.86542,0.0,252.7,234.0,PORT ARTHUR,,WDI5961,50.0,15.0,,,,50.0,A
338089000,2022-03-31T14:33:16,32.58861,-117.22305,7.9,163.6,164.0,SURVEYOR,IMO0000103,WDK8802,0.0,0.0,29.0,0.0,2.0,0.0,A
538007509,2022-03-31T00:39:47,28.7555,-89.37863,12.4,330.6,330.0,MADISON EAGLE,IMO9575278,V7SK7,70.0,0.0,199.0,32.0,13.3,70.0,A
367037240,2022-03-31T14:56:48,46.16817,-123.91423,0.0,0.0,511.0,IRON LADY,IMO8120258,WTK5059,30.0,3.0,21.0,6.0,,30.0,A
368059440,2022-03-31T18:18:35,30.51973,-91.21186,3.7,84.0,65.0,JERRY JARRETT,IMO1001266646,WDK4872,57.0,12.0,476.0,44.0,3.6,57.0,A
338084472,2022-03-31T18:20:39,27.82583,-82.48693,0.0,360.0,511.0,DAYDREAM,IMO0000000,,36.0,,10.0,3.0,,,B
367761740,2022-03-31T18:47:02,29.30625,-94.81324,0.0,360.0,511.0,GENERAL PATTON,,WDJ2788,70.0,15.0,,,,33.0,A
367678830,2022-03-31T15:31:40,31.25982,-87.97061,6.5,114.5,138.0,KIMBERLY ANN,,WDI2502,31.0,0.0,28.0,9.0,,31.0,A
367425210,2022-03-31T23:12:10,41.63793,-70.90726,0.0,267.6,511.0,ANTICIPATION,IMO0000000,WDF8892,30.0,,33.0,8.0,,,B
367667560,2022-03-31T21:30:56,32.09102,-81.1028,0.0,247.4,318.0,SEA CRESCENT,IMO8984563,WDH9391,31.0,5.0,27.0,8.0,,32.0,A
367666060,2022-03-31T07:49:58,33.86186,-78.02047,11.3,212.9,511.0,CAPE FEAR PILOT III,,WDH9241,50.0,15.0,15.0,,,50.0,A
369375000,2022-03-31T10:17:34,36.96426,-122.00207,0.4,219.9,511.0,TEAM O'NEILL,IMO0000000,WDK5259,36.0,,20.0,9.0,,,B
367766860,2022-03-31T13:19:42,33.77197,-118.20928,0.0,180.8,511.0,SEANA C,,WDJ3319,31.0,0.0,21.0,7.0,,31.0,A
244561000,2022-03-31T19:32:11,24.1456,-81.66175,9.4,223.1,223.0,VANQUISH,IMO9375135,PHOW,70.0,0.0,99.0,15.0,5.8,79.0,A
338407302,2022-03-31T18:22:20,27.98413,-82.81863,0.0,360.0,511.0,RUNNOFT,IMO0000000,,36.0,,15.0,6.0,,,B
368121820,2022-03-31T17:31:37,29.94151,-89.99845,0.0,360.0,313.0,MICHAEL S,,WDL3461,52.0,0.0,32.0,12.0,0.0,52.0,A
366927640,2022-03-31T19:40:54,30.03873,-90.67842,0.1,360.0,511.0,ROOSTER II,,WUR5381,60.0,0.0,13.0,4.0,,50.0,A
367030060,2022-03-31T04:07:16,30.31302,-89.24234,0.0,271.5,511.0,BACKDRAFT,,WDC4756,60.0,0.0,37.0,6.0,2.0,60.0,A
577116000,2022-03-31T14:31:59,29.64944,-91.10241,0.0,164.5,203.0,OCEAN INTREPID,IMO8641939,YJTC6,90.0,5.0,109.0,31.0,5.5,90.0,A
368187170,2022-03-31T13:26:11,17.90636,-66.05836,8.0,93.4,83.0,CABO PEYO,IMO7306790,WDM2338,52.0,0.0,32.0,6.0,6.0,52.0,A
367434160,2022-03-31T11:43:57,40.71473,-74.01945,14.8,234.2,511.0,FRANK SINATRA,,WDF2985,60.0,0.0,23.0,8.0,,60.0,A
367791540,2022-03-31T19:29:53,40.56572,-73.92323,24.3,251.7,250.0,OPPORTUNITY,,WDJ5813,60.0,0.0,,,,60.0,A
316005416,2022-03-31T22:40:07,49.20057,-123.08848,0.0,200.9,511.0,JOSE NARVAEZ,IMO7003441,CY9519,31.0,0.0,26.0,7.0,3.5,31.0,A
369131000,2022-03-31T16:48:10,40.89398,-73.70398,8.6,231.1,223.0,FORT MCHENRY,IMO9804681,WDI9336,31.0,0.0,,,,31.0,A
367006420,2022-03-31T17:20:28,27.84229,-97.07323,5.7,257.2,249.0,RUBY GONSOULIN,,WDC3353,31.0,0.0,21.0,8.0,,57.0,A
563758000,2022-03-31T18:59:02,39.53614,-124.03139,12.9,166.1,164.0,NYK RUMINA,IMO9416991,9V7645,70.0,0.0,294.0,32.0,13.5,70.0,A
367080090,2022-03-31T08:07:49,29.56114,-90.54102,2.7,93.9,511.0,SEA HOG,,WDC7997,31.0,12.0,18.0,7.0,,52.0,A
338227155,2022-03-31T10:42:35,47.56992,-122.19214,0.0,151.1,511.0,SEA WINGS,,,37.0,,,,,,B
368082970,2022-03-31T11:31:22,45.61329,-122.67422,0.0,165.8,126.0,AMERICAN.HARMONY,IMO1288191,WDK7293,60.0,5.0,92.0,17.0,2.3,60.0,A
303275000,2022-03-31T09:00:06,46.28765,-125.29403,8.0,173.6,175.0,JUSTINE FOSS,IMO7512002,WYL4978,31.0,0.0,36.0,10.0,4.2,32.0,A
376609000,2022-03-31T14:48:10,26.1455,-79.57068,11.1,261.8,252.0,ALLEGRO,IMO9142447,J8B5341,70.0,0.0,98.0,16.0,5.9,79.0,A
367003520,2022-03-31T10:01:15,29.98083,-93.87968,0.0,203.1,275.0,NATHAN P,IMO8968234,WDF2427,31.0,12.0,26.0,9.0,,57.0,A
367510430,2022-03-31T21:32:19,30.01478,-90.73879,15.0,102.2,511.0,DAVID J COOPER,IMO9621118,WDF9940,31.0,0.0,28.0,11.0,3.7,52.0,A
367335830,2022-03-31T01:52:00,39.8924,-75.192,0.0,163.7,511.0,MADELINE,,WDE3220,31.0,0.0,23.0,9.0,,52.0,A
367772730,2022-03-31T16:52:16,29.38103,-89.59528,0.0,261.4,511.0,SEA FALCON,IMO7534660,WDJ3928,30.0,15.0,49.0,9.0,,30.0,A
311000247,2022-03-31T21:25:20,27.81663,-92.57912,19.4,171.0,174.0,OAK SPIRIT,IMO9681699,C6BF4,80.0,0.0,294.0,,,89.0,A
338153661,2022-03-31T14:55:45,35.07905,-76.95726,0.2,343.5,511.0,DUTCH WIND,,,37.0,,,,,,B
338380634,2022-03-31T16:16:30,38.97546,-76.47854,0.2,360.0,511.0,REVERIE,IMO0000000,,36.0,,33.0,8.0,,,B
366952790,2022-03-31T20:18:36,40.64637,-74.06602,12.9,232.0,236.0,GUY V MOLINARI,IMO9333486,WDB8295,60.0,0.0,94.0,21.0,4.2,60.0,A
367709780,2022-03-31T00:22:56,41.61614,-88.06296,0.0,360.0,511.0,STACY DIANNE,,WDI5557,31.0,7.0,15.0,,,31.0,A
339748000,2022-03-31T01:52:34,26.11113,-80.1082,0.0,9.4,292.0,M/Y TCB,IMO8651037,6YTR4,37.0,5.0,43.0,10.0,2.5,37.0,A
368242390,2022-03-31T15:02:29,30.01978,-94.02493,0.0,333.9,511.0,OLD HICKORY,,WDM8339,52.0,0.0,24.0,10.0,3.4,52.0,A
538071393,2022-03-31T09:04:13,26.05871,-80.13598,0.1,164.8,359.0,HORIZONS III,IMO1009546,V7A2345,37.0,5.0,71.0,12.0,0.1,37.0,A
367610410,2022-03-31T14:26:39,24.57824,-81.80252,0.4,52.7,511.0,MALOLO,,WDH3741,37.0,,,,,,B
366961419,2022-03-31T19:35:44,30.42148,-91.20425,0.0,288.4,18.0,JOHN D GEARY,IMO100538269,WDL2150,57.0,5.0,47.0,13.0,2.5,57.0,A
368230010,2022-03-31T21:38:30,29.93908,-90.14139,4.6,359.5,511.0,CAPTAIN WALTER,IMO1321262,WDM7001,0.0,15.0,18.0,8.0,0.0,57.0,A
248432000,2022-03-31T15:12:33,25.78555,-79.9563,6.0,180.0,179.0,CMA CGM NERVAL,IMO9406623,9HA2361,70.0,0.0,299.0,40.0,14.5,74.0,A
367430790,2022-03-31T09:48:05,30.40092,-87.24569,0.0,251.8,511.0,MISS CALLIE CATE,IMO9383807,WDF2692,31.0,0.0,27.0,9.0,,31.0,A
366998520,2022-03-31T05:17:48,39.26951,-76.58491,0.0,348.0,511.0,DAVID M KRAUSE,IMO8424848,WDC2846,52.0,0.0,32.0,8.0,5.0,52.0,A
367004610,2022-03-31T05:23:40,30.06846,-90.89559,1.7,321.0,316.0,CAPT WHITEY,,WDC3246,31.0,15.0,25.0,9.0,,0.0,A
374678000,2022-03-31T09:00:05,38.5075,-74.70092,9.7,319.9,315.0,ORION HIGHWAY,IMO9728071,3ESA4,70.0,0.0,199.0,,,70.0,A
367780350,2022-03-31T22:08:21,40.64777,-89.61047,0.0,360.0,511.0,PRAIRIE MOON,,WDJ4708,31.0,0.0,,,,0.0,A
368074910,2022-03-31T14:17:13,48.75674,-122.50684,0.0,38.1,511.0,SEAHOME,IMO0000000,WDK6475,37.0,,13.0,4.0,,,B
316042022,2022-03-31T07:15:58,49.31263,-123.10681,0.0,73.5,181.0,SEASPAN RAPTOR,IMO9766994,.,52.0,0.0,24.0,11.0,5.8,52.0,A
367611260,2022-03-31T11:05:53,29.42509,-89.74433,6.5,52.1,511.0,JANE OLIVIA,,WDH3820,31.0,5.0,17.0,,,52.0,A
636016437,2022-03-31T11:12:50,39.02692,-75.15326,16.2,337.0,337.0,MSC VIDISHA R,IMO9227326,A8IY4,70.0,0.0,281.0,32.0,12.5,74.0,A
368179290,2022-03-31T21:15:30,29.54639,-95.04336,0.0,219.1,511.0,MEMENTO MORI,IMO0000000,WDL9459,36.0,,13.0,6.0,,,B
366980180,2022-03-31T06:53:23,48.56706,-122.74805,9.7,350.2,346.0,OCEAN TITAN,IMO8987931,WDB9647,31.0,11.0,36.0,10.0,,32.0,A
367092768,2022-03-31T19:53:07,29.68546,-91.15276,0.0,360.0,511.0,MR DEAN,IMO0000015,WDC8768,31.0,15.0,20.0,8.0,0.0,31.0,A
303457000,2022-03-31T13:40:31,41.69216,-83.46017,0.0,0.0,9.0,LAURA L VANENKEVORT,IMO8875310,WDK6830,52.0,5.0,210.0,22.0,7.0,52.0,A
367645320,2022-03-31T17:48:56,47.62982,-122.39574,0.0,360.0,511.0,MAGIC CARPET,,WDH7152,37.0,,13.0,,,,B
368167350,2022-03-31T14:15:35,37.87649,-87.79756,0.0,58.0,273.0,MAE ETTA HINES,IMO0001270,WDL8200,31.0,12.0,51.0,16.0,3.1,31.0,A
367668180,2022-03-31T20:03:27,48.49423,-122.68303,0.1,319.3,511.0,THE RIGHT LIFE,,WDH9449,37.0,,18.0,5.0,,,B
367432980,2022-03-31T07:07:32,47.62812,-122.39253,0.0,257.2,94.0,RAINDANCER,,WDF2879,37.0,5.0,18.0,5.0,,37.0,A
367500140,2022-03-31T08:30:24,18.34144,-64.97866,1.0,224.2,511.0,SMART MOVE,,WDF8935,37.0,,14.0,,,,B
338434258,2022-03-31T05:03:43,33.75326,-118.11332,5.1,172.7,511.0,ASSIST HUNTINGTON BC,IMO0000000,,37.0,,0.0,0.0,,,B
357315000,2022-03-31T05:57:52,27.76102,-94.40512,14.1,353.6,358.0,LNG SCHNEEWEISSCHEN,IMO9771913,3EPT9,80.0,0.0,298.0,48.0,9.6,80.0,A
366867370,2022-03-31T18:02:39,43.11299,-70.80379,0.0,360.0,511.0,COOPER RIVER,,WDA9638,60.0,0.0,14.0,4.0,,60.0,A
367534590,2022-03-31T03:12:28,28.92291,-90.43251,0.1,189.0,4.0,MICHAEL EYMARD,IMO9641510,WDG4253,90.0,0.0,39.0,20.0,2.4,99.0,A
368222260,2022-03-31T00:17:30,30.39054,-88.87093,0.1,198.1,182.0,,,WDM6110,0.0,15.0,15.0,4.0,0.0,90.0,A
338072235,2022-03-31T12:42:26,47.6305,-122.33936,0.0,360.0,511.0,SANDPIPER,,,37.0,,,,,,B
538006703,2022-03-31T23:42:31,27.59592,-92.04051,4.1,293.5,296.0,IONIC UNITED,IMO9747417,V7QJ7,70.0,0.0,199.0,,,70.0,A
538003242,2022-03-31T03:35:41,30.03838,-90.47321,7.7,335.6,336.0,VLAZAKIS I,IMO9546124,V7PJ6,70.0,0.0,190.0,32.0,12.8,70.0,A
367767670,2022-03-31T15:23:59,25.9352,-80.14881,0.0,360.0,511.0,EVOLUTION,IMO0000000,,37.0,,0.0,0.0,,,B
367100870,2022-03-31T19:14:24,33.93062,-77.99568,5.4,121.6,119.0,RANGER,,WDC9335,60.0,0.0,23.0,8.0,,60.0,A
338570000,2022-03-31T10:50:59,30.70904,-81.42511,0.7,118.4,103.0,BAYPORT,IMO8993784,WCZ4240,90.0,3.0,90.0,16.0,,33.0,A
368017210,2022-03-31T06:30:04,48.49268,-122.68032,0.1,305.1,511.0,SEA ESTA,IMO0000000,WDJ8515,37.0,,13.0,5.0,,,B
367574050,2022-03-31T11:29:37,29.31421,-94.21926,0.0,147.7,511.0,TOBIE EYMARD,IMO9667904,WDG8104,90.0,1.0,41.0,20.0,2.3,0.0,A
368181560,2022-03-31T17:08:00,28.40775,-80.62876,0.2,360.0,511.0,KINDNESS,IMO0000000,WDL9715,37.0,,0.0,0.0,,,B
368025390,2022-03-31T18:25:26,31.69246,-81.18436,4.6,223.5,511.0,MISS SOUTHERN,IMO1001275950,WDJ9368,52.0,12.0,12.0,6.0,2.0,52.0,A
431024000,2022-03-31T07:27:39,34.44653,-123.97871,11.3,87.9,83.0,ASTERIA LEADER,IMO9531741,7KIE,70.0,0.0,199.0,32.0,9.3,70.0,A
538005409,2022-03-31T07:25:03,28.40896,-80.60865,0.0,210.2,89.0,STI ROTHERHITHE,IMO9706475,V7DP2,80.0,5.0,184.0,27.0,11.9,80.0,A
338126792,2022-03-31T07:36:39,29.72264,-84.97826,0.0,360.0,511.0,INTEGRITY,,,90.0,3.0,49.0,,,33.0,A
338430405,2022-03-31T16:20:58,33.72826,-118.08166,0.0,360.0,511.0,DOC HOLIDAYS,IMO0000000,,37.0,,4.0,8.0,,,B
538080034,2022-03-31T09:09:53,26.08884,-80.17442,0.0,192.4,359.0,DAYBREAK,IMO1005394,V7MN7,37.0,0.0,40.0,,,37.0,A
366999388,2022-03-31T06:57:39,35.0724,-90.11552,0.0,183.0,511.0,GOODWIN,,AETG,90.0,12.0,,,,31.0,A
257384000,2022-03-31T21:50:13,26.69474,-87.79369,11.3,321.8,320.0,BOW AQUARIUS,IMO9753791,LAFA6,80.0,0.0,183.0,32.0,9.5,80.0,A
368090850,2022-03-31T09:30:31,29.28705,-94.93969,5.3,77.5,79.0,LOUISE NEWELL,,WDK8102,31.0,12.0,22.0,9.0,2.2,31.0,A
368073760,2022-03-31T21:38:29,35.02967,-76.68149,0.0,359.7,511.0,FREE FALLIN,IMO0000000,WDK6357,36.0,,16.0,5.0,,,B
366967450,2022-03-31T22:50:26,38.53873,-90.25047,0.1,314.9,32.0,DANIEL T MARTIN,,WDB8982,31.0,12.0,39.0,13.0,,52.0,A
231789000,2022-03-31T05:11:45,43.47693,-68.72327,13.3,280.4,280.0,LAGARFOSS,IMO9641314,OZ2187,79.0,0.0,141.0,23.0,8.9,79.0,A
367627770,2022-03-31T22:36:38,31.00962,-91.70921,4.4,201.0,226.0,KIMBERLY HIDALGO,,WDH5418,31.0,12.0,26.0,,,31.0,A
366986820,2022-03-31T00:03:34,41.47722,-90.63472,5.3,52.4,511.0,TROJAN,,WDC2036,31.0,0.0,19.0,7.0,,31.0,A
366998840,2022-03-31T18:07:25,33.75225,-118.22275,0.0,307.2,72.0,MILLENNIUM MAVERICK,IMO9159713,WDC2866,31.0,0.0,30.0,11.0,4.6,39.0,A
367638480,2022-03-31T16:37:13,48.75454,-122.49345,0.0,167.9,511.0,OCEAN HUNTER,IMO8705852,WDH6487,30.0,0.0,25.0,7.0,,30.0,A
3791472,2022-03-31T12:22:20,26.13155,-92.04029,0.0,58.9,1.0,LUCIUS SPAR,IMO1108561,WQXP40,80.0,15.0,0.0,0.0,0.0,80.0,A
368161570,2022-03-31T06:59:49,29.54771,-95.02629,0.0,360.0,511.0,HATTINI,IMO0000000,WDL7590,37.0,,13.0,5.0,,,B
316005416,2022-03-31T17:23:37,49.20056,-123.0885,0.0,100.6,511.0,JOSE NARVAEZ,IMO7003441,CY9519,31.0,0.0,26.0,7.0,3.5,31.0,A
367151240,2022-03-31T04:53:14,21.31141,-157.87426,0.1,267.8,511.0,MAMO,IMO9145190,WCZ5700,31.0,0.0,23.0,8.0,,52.0,A
368224560,2022-03-31T21:43:15,47.56333,-122.62111,0.0,360.0,511.0,QUANTO E DOLCE,IMO0000000,WDM6364,37.0,,13.0,4.0,,,B
338304093,2022-03-31T12:52:05,25.90781,-80.12543,0.0,360.0,511.0,THE BROWN DOG,IMO0000000,,30.0,,13.0,4.0,,,B
367642860,2022-03-31T06:17:00,33.98305,-118.44821,0.1,99.6,511.0,LA DI DA,,WDH6915,37.0,,13.0,,,,B
367729220,2022-03-31T10:33:24,28.94315,-95.38067,0.0,56.8,102.0,LILA MAE,IMO8635590,WDI7486,31.0,12.0,26.0,9.0,,57.0,A
369990236,2022-03-31T18:58:42,41.46313,-71.35947,0.0,48.8,511.0,CG29236,,CG29236,51.0,0.0,8.0,3.0,1.0,51.0,A
564335000,2022-03-31T00:15:15,29.73494,-89.99871,16.0,132.2,135.0,MTM ANTWERP,IMO9291456,9V2587,80.0,0.0,145.0,23.0,9.9,80.0,A
367585870,2022-03-31T02:21:29,29.14306,-90.21812,0.0,252.5,251.0,HOS RIVERBEND,IMO9647679,WDG9249,70.0,0.0,89.0,20.0,5.4,70.0,A
367541350,2022-03-31T23:10:38,38.57997,-90.21983,0.0,286.4,511.0,CHUB MORRIS,,WDG4908,31.0,0.0,16.0,,,31.0,A
338402895,2022-03-31T21:02:03,25.78908,-80.23565,2.2,266.0,511.0,SON OF THE SEA,IMO0000000,,37.0,,15.0,4.0,,,B
316024197,2022-03-31T10:43:23,48.67738,-123.41521,0.0,360.0,511.0,LONG WAY HOME,,,37.0,,,,,,B
368097590,2022-03-31T16:12:28,30.25525,-91.32085,4.3,7.8,511.0,GRAYSON,,WDK8807,57.0,12.0,116.0,17.0,3.1,57.0,A
367610270,2022-03-31T22:32:25,36.31948,-87.22053,0.0,170.0,314.0,WARREN W HINES,,WDH3729,31.0,12.0,39.0,13.0,,57.0,A
367190250,2022-03-31T02:58:06,43.07916,-70.75744,0.0,226.4,511.0,TOWN POINT,IMO7110854,WBK3245,31.0,5.0,28.0,8.0,4.5,52.0,A
566539000,2022-03-31T00:48:02,28.67568,-94.04731,5.4,299.7,303.0,EAGLE SAN DIEGO,IMO9594834,9V9335,80.0,0.0,274.0,49.0,17.2,80.0,A
367153430,2022-03-31T03:34:57,47.66118,-122.38011,0.0,50.0,511.0,TRAVELER,IMO885569500,WDD5082,30.0,0.0,33.0,11.0,0.0,30.0,A
367702130,2022-03-31T00:19:09,41.32013,-88.90574,4.3,261.7,266.0,DRU LIRETTE,,WDI4800,31.0,0.0,41.0,14.0,,31.0,A
368180460,2022-03-31T21:16:26,38.04307,-122.13196,0.0,232.9,238.0,DELTA DEANNA,IMO9833979,WDL9594,52.0,0.0,34.0,10.0,6.1,52.0,A
367059950,2022-03-31T03:57:54,27.88531,-82.53779,0.0,0.0,511.0,EL PUMA GRANDE,IMO7200180,WDC6699,31.0,0.0,29.0,8.0,,31.0,A
368193410,2022-03-31T22:56:36,47.92247,-122.68481,0.0,35.2,511.0,YADA YADA,IMO0000000,WDM3014,36.0,,4.0,2.0,,,B
368052540,2022-03-31T09:49:32,34.71726,-76.69105,0.0,10.4,511.0,ISLAND GIRL,,WDK4170,52.0,0.0,17.0,8.0,0.0,52.0,A
367791540,2022-03-31T11:43:59,40.5976,-74.03626,25.9,331.3,331.0,OPPORTUNITY,,WDJ5813,60.0,0.0,,,,60.0,A
338413043,2022-03-31T04:25:09,26.11508,-80.10625,0.0,360.0,511.0,SOJOURN,IMO0000000,,36.0,,14.0,6.0,,,B
367618310,2022-03-31T20:42:07,40.68348,-74.07293,0.0,272.3,135.0,JUSTINE MCALLISTER,IMO8107878,WDH4493,31.0,0.0,33.0,10.0,4.9,52.0,A
366984280,2022-03-31T15:33:58,44.56228,-92.45773,4.4,285.5,511.0,CORAL DAWN,,WDB9873,31.0,12.0,46.0,12.0,,57.0,A
367529040,2022-03-31T02:41:16,29.34844,-90.7298,0.0,249.8,511.0,K-MARINE VIII,IMO8977144,WDG3728,60.0,15.0,44.0,8.0,2.1,60.0,A
338954000,2022-03-31T11:52:43,39.93344,-75.14125,0.1,9.0,99.0,CG WILLIAM TATE,IMO9177284,NNIA,90.0,5.0,53.0,10.0,2.4,55.0,A
368105470,2022-03-31T08:17:36,33.91725,-78.03972,0.1,170.5,511.0,JACK NEWMAN,IMO8332069,WDK9646,31.0,0.0,0.0,0.0,3.0,31.0,A
366962010,2022-03-31T01:51:42,29.61424,-94.97104,6.4,85.5,511.0,MISS MONIE,,WCZ9166,31.0,15.0,16.0,6.0,,31.0,A
477518300,2022-03-31T12:31:39,38.90523,-76.40837,0.0,295.0,176.0,WUCHANG,IMO9657844,VRNT4,70.0,1.0,179.0,30.0,10.5,70.0,A
316011981,2022-03-31T23:09:30,48.66877,-123.40444,0.0,299.2,346.0,SEGUE II,,CFN4950,37.0,0.0,12.0,4.0,2.3,37.0,A
367710560,2022-03-31T13:42:54,27.84261,-97.06304,7.4,73.1,67.0,PADDY CENAC,IMO9704697,WDI5633,90.0,0.0,99.0,,,52.0,A
577116000,2022-03-31T09:01:56,29.64946,-91.10245,0.0,164.5,203.0,OCEAN INTREPID,IMO8641939,YJTC6,90.0,5.0,109.0,31.0,5.5,90.0,A
636017073,2022-03-31T08:51:44,32.08855,-81.10025,0.0,318.0,320.0,SOLIDARNOSC,IMO9708069,D5JE2,70.0,5.0,180.0,30.0,7.1,70.0,A
367130430,2022-03-31T15:29:10,29.78917,-95.0762,0.0,213.1,511.0,GUS BLESSEY,,WDD3381,31.0,15.0,7.0,,,31.0,A
367638480,2022-03-31T14:12:34,48.75453,-122.49345,0.0,0.0,511.0,OCEAN HUNTER,IMO8705852,WDH6487,30.0,0.0,25.0,7.0,,30.0,A
368018310,2022-03-31T00:32:43,30.4811,-86.4857,0.0,360.0,511.0,TRISTEN,IMO0000001,WDJ8628,32.0,0.0,21.0,8.0,3.1,57.0,A
367424420,2022-03-31T01:48:13,29.74107,-95.11175,0.3,36.7,511.0,HADEN II,IMO9215335,WDF2064,31.0,0.0,28.0,10.0,5.0,52.0,A
538009749,2022-03-31T03:17:24,49.30279,-123.08931,3.1,101.2,97.0,TS DALIAN,IMO9348857,V7A5115,70.0,0.0,222.0,30.0,11.4,70.0,A
367460470,2022-03-31T20:55:31,48.36801,-124.61269,0.0,360.0,511.0,MANDINGO,IMO0000000,WDF5195,30.0,,25.0,7.0,,,B
538008224,2022-03-31T08:34:15,45.64359,-122.741,0.0,15.8,115.0,DUNNII,IMO9824978,V7A2104,70.0,1.0,202.0,34.0,12.1,70.0,A
368214090,2022-03-31T22:44:54,30.4038,-87.21362,0.0,360.0,511.0,BAYOU-A-BUD,IMO0000000,WDM5254,37.0,,25.0,5.0,,,B
636020519,2022-03-31T01:55:54,29.60628,-89.85367,0.0,182.6,261.0,ROTTERDAM PEARL,IMO9557135,D5ZO6,70.0,1.0,190.0,31.0,11.8,70.0,A
319073200,2022-03-31T00:23:54,26.09746,-80.17049,0.0,194.6,179.0,CHEERS 46,IMO9759317,ZGEH6,37.0,5.0,42.0,,,37.0,A
244128536,2022-03-31T17:18:04,21.32791,-158.11991,0.7,360.0,511.0,DJITO,IMO0000000,PI8378,36.0,,16.0,5.0,,,B
338367119,2022-03-31T09:49:26,48.58545,-122.81455,0.1,157.5,511.0,LOUISA,IMO0000000,,37.0,,19.0,6.0,,,B
316011736,2022-03-31T19:57:34,49.18861,-123.9499,0.0,264.4,53.0,NANAIMO PORTSECURITY,,,50.0,0.0,,,,50.0,A
338104822,2022-03-31T20:21:09,36.84419,-76.29307,0.0,139.8,511.0,LATTITUDES CHANGE AT,,,37.0,,13.0,4.0,,,B
368101240,2022-03-31T21:46:03,47.62898,-122.39463,0.0,360.0,511.0,HIGH FIVE,IMO0000000,WDK9185,36.0,,13.0,4.0,,,B
367626030,2022-03-31T03:46:26,29.93679,-90.34426,0.6,255.4,511.0,DANE WISE,,WDH5249,31.0,8.0,19.0,,,22.0,A
368888000,2022-03-31T21:15:31,36.91893,-76.1821,0.0,319.6,94.0,BURLINGTON,IMO9757773,NBLN,35.0,5.0,103.0,28.0,3.5,35.0,A
368138150,2022-03-31T11:43:26,29.74567,-95.09655,0.0,253.6,139.0,CAPT KEITH LOFTON,,WDL5126,31.0,12.0,27.0,11.0,2.9,31.0,A
368157950,2022-03-31T03:29:34,24.57818,-81.78683,0.4,229.0,511.0,AUDREY MARIE,IMO0000000,WDL7192,36.0,,16.0,5.0,,,B
366993250,2022-03-31T07:41:08,47.21491,-122.66615,0.0,336.4,511.0,REDWOOD CITY,,WUS6454,31.0,0.0,18.0,5.0,,52.0,A
368194470,2022-03-31T19:32:08,26.1016,-80.11789,0.0,360.0,511.0,RAIS N CAIN,IMO0000000,WDM3134,37.0,,31.0,14.0,,,B
367567690,2022-03-31T20:33:57,29.78382,-95.09939,0.0,264.2,511.0,MISS SLOAN,,WDG7478,90.0,15.0,7.0,,,90.0,A
338230729,2022-03-31T02:27:43,43.45576,-68.70262,4.3,237.0,511.0,REVERENCE,,,30.0,,14.0,,,,B
338102902,2022-03-31T14:19:05,47.64465,-122.30996,0.0,0.0,511.0,NIGHT WIND,,,37.0,,15.0,4.0,,,B
368142710,2022-03-31T02:39:51,30.03815,-90.47627,1.9,226.9,511.0,IRON LADY,,WDL5614,31.0,12.0,0.0,0.0,9.6,31.0,A
255806068,2022-03-31T01:49:05,27.53769,-92.53262,15.2,358.2,352.0,AS FIORELLA,IMO9395111,CQIU2,70.0,0.0,166.0,25.0,9.5,79.0,A
367108030,2022-03-31T04:55:59,32.08206,-81.06413,0.0,2.5,265.0,EDWARD J MORAN,IMO9365336,WDC9891,31.0,0.0,29.0,11.0,4.0,52.0,A
367733350,2022-03-31T19:55:24,41.47449,-70.85136,9.1,350.8,511.0,EAGLE,IMO8793897,WDI7902,30.0,,26.0,,,,B
367517760,2022-03-31T19:36:27,35.11688,-90.08511,0.0,139.5,511.0,MARY WEPFER,,WDG2646,31.0,15.0,17.0,7.0,,31.0,A
367750940,2022-03-31T16:32:32,25.7989,-80.24907,0.0,360.0,511.0,ATLAS,IMO0682459,WDI9664,31.0,3.0,17.0,6.0,2.8,31.0,A
329018360,2022-03-31T16:00:22,32.68998,-117.16055,0.0,134.4,511.0,LET IT BE,IMO0000000,FAE9753,36.0,,0.0,0.0,,,B
367452650,2022-03-31T03:47:55,29.20182,-89.27566,24.7,142.7,147.0,PORTPILOT,,WDF4502,90.0,0.0,15.0,4.0,,50.0,A
367398920,2022-03-31T10:31:25,29.02069,-89.33953,0.1,147.3,511.0,LOUIE C,,WDE7885,31.0,15.0,20.0,7.0,,90.0,A
367126620,2022-03-31T15:25:35,18.44854,-66.0893,0.0,254.2,511.0,CAPE HENRY,IMO6807022,WBK3240,31.0,0.0,31.0,8.0,4.7,52.0,A
477701000,2022-03-31T02:59:46,49.30444,-123.06717,0.0,192.4,86.0,ROSCO SANDALWOOD,IMO9288514,VRZQ6,70.0,5.0,225.0,32.0,14.2,70.0,A
366584000,2022-03-31T16:25:03,28.41365,-80.6212,0.0,57.1,125.0,GO SEARCHER,IMO9591648,WDH3015,90.0,0.0,51.0,10.0,3.0,70.0,A
367744210,2022-03-31T10:51:13,40.43625,-80.00732,0.0,360.0,511.0,EMPRESS II,,WDI8992,31.0,15.0,14.0,,,99.0,A
366516370,2022-03-31T22:29:12,40.55611,-74.24153,5.2,56.2,58.0,STEPHEN REINAUER,IMO7046170,WCA3763,31.0,0.0,33.0,9.0,4.2,52.0,A
316003527,2022-03-31T19:12:16,49.12372,-123.18903,0.0,303.7,511.0,BELINA,IMO5039678,CY3195,30.0,0.0,23.0,7.0,2.9,30.0,A
368027650,2022-03-31T18:11:00,30.38967,-88.26723,0.0,360.0,511.0,PRINCESS CINDY,IMO0000000,WDJ9608,30.0,,29.0,8.0,,,B
367001890,2022-03-31T01:59:41,28.41458,-80.61141,0.0,210.1,511.0,MISS JUANITA,,WDC3039,31.0,0.0,16.0,6.0,,52.0,A
367784910,2022-03-31T04:05:44,43.63842,-79.37969,0.1,153.7,511.0,ODYSSEY,,WDJ5158,60.0,5.0,45.0,10.0,,69.0,A
368077830,2022-03-31T22:23:59,29.90861,-90.10202,8.8,73.2,68.0,INDEPENDENCE,,WDK6764,0.0,15.0,0.0,0.0,0.0,0.0,A
366990450,2022-03-31T17:18:59,47.26698,-122.82734,0.0,360.0,511.0,CHARLIE WELLS,,WAH4742,60.0,0.0,19.0,10.0,,99.0,A
229622000,2022-03-31T23:24:17,38.42744,-123.52787,1.8,318.2,321.0,MSC TRIESTE,IMO9484479,9HA3459,70.0,0.0,365.0,48.0,16.0,71.0,A
367650610,2022-03-31T23:34:16,48.51486,-122.60527,0.0,266.4,511.0,AVENTURA,,WDH7686,37.0,,11.0,,,,B
538006385,2022-03-31T03:02:20,48.51485,-124.99903,10.7,272.4,272.0,MEDUSA,IMO9461130,V7MM5,70.0,0.0,228.0,32.0,14.4,70.0,A
367736640,2022-03-31T15:32:19,29.99601,-93.91932,0.0,12.6,357.0,URSULA CENAC,,WDI8245,31.0,5.0,,,,52.0,A
368171390,2022-03-31T21:45:42,33.72572,-118.21858,0.2,86.5,55.0,BROOKS M HAMILTON,,WDL8631,52.0,12.0,26.0,10.0,2.6,52.0,A
338162517,2022-03-31T00:19:04,48.00261,-122.22175,0.0,360.0,511.0,OCEAN'S 11,,,37.0,,18.0,,,,B
565402000,2022-03-31T10:14:45,36.51088,-124.41336,2.5,173.7,71.0,KOTA LATIF,IMO9340764,9VBR6,70.0,0.0,260.0,32.0,13.0,70.0,A
367481670,2022-03-31T16:33:26,38.58648,-90.20247,0.0,360.0,511.0,ALLISON RACHEL,IMO8976554,WDF7157,31.0,0.0,21.0,9.0,,31.0,A
367473590,2022-03-31T21:01:17,29.90647,-90.12144,0.0,210.7,290.0,BILL MILLER,,WDF6375,31.0,0.0,24.0,9.0,,31.0,A
368156470,2022-03-31T10:01:16,32.85511,-79.95386,0.0,9.6,227.0,BRIDGEPORT,,WDL7032,31.0,15.0,25.0,8.0,2.5,31.0,A
367339560,2022-03-31T04:13:51,43.65732,-70.24934,0.0,322.8,511.0,CITY OF PORTLAND,,WDE9667,90.0,15.0,19.0,,,58.0,A
367793880,2022-03-31T15:51:19,41.36171,-88.3952,0.0,88.9,23.0,SPARKY,,WDJ6052,31.0,0.0,18.0,,,31.0,A
367645170,2022-03-31T23:32:44,45.56564,-122.73665,0.0,246.9,226.0,CROWN POINT,,WDH7139,31.0,0.0,31.0,,,52.0,A
367778680,2022-03-31T07:39:40,47.58696,-122.6644,0.1,180.5,511.0,LIBERTY,,WDJ4541,37.0,,12.0,,,,B
367739850,2022-03-31T15:02:26,34.80579,-76.6835,0.0,360.0,511.0,CAPITOL PRINCESS,,WDI8561,60.0,7.0,18.0,6.0,,30.0,A
367499090,2022-03-31T06:02:26,29.37494,-94.86755,0.0,106.3,284.0,LCPL PHILLIP C GEORG,,WDF8835,31.0,12.0,24.0,10.0,,57.0,A
367664890,2022-03-31T12:15:46,36.20716,-89.67063,0.0,293.1,511.0,LANA D,,WDH9128,31.0,11.0,18.0,,,31.0,A
367375070,2022-03-31T17:15:30,37.04725,-88.54098,0.0,258.9,511.0,L R CHAPMAN,,WDE6042,31.0,0.0,31.0,7.0,,31.0,A
367529420,2022-03-31T14:54:06,47.13527,-122.64567,0.1,327.6,511.0,ISLAND VENTURE,IMO7730525,WDG3765,31.0,0.0,31.0,10.0,3.7,0.0,A
366983260,2022-03-31T18:35:51,40.86551,-70.16868,10.5,314.8,511.0,LADY BRITTANY,IMO8983533,WDB9812,30.0,,35.0,9.0,,,B
366960410,2022-03-31T22:49:48,36.85864,-76.34893,0.0,360.0,511.0,MISS KHYLAN,,WDG9329,31.0,15.0,13.0,5.0,,52.0,A
368036590,2022-03-31T21:14:13,25.31361,-80.28023,0.0,352.6,511.0,QUAY II,IMO0000000,,37.0,,25.0,7.0,,,B
368239110,2022-03-31T01:58:38,27.7683,-82.62835,0.0,111.0,89.0,GANDY DANCER,IMO123456789,CZA2084,37.0,0.0,18.0,6.0,2.0,37.0,A
367494690,2022-03-31T17:21:28,27.9401,-82.45502,0.0,360.0,511.0,LOST PEARL,IMO0000000,WDF8423,90.0,,20.0,6.0,,,B
366768480,2022-03-31T07:58:34,29.12192,-90.20735,0.0,65.8,34.0,CROSBY CRUSADER,IMO8964616,WCZ3649,31.0,0.0,30.0,9.0,3.9,52.0,A
367524510,2022-03-31T14:13:48,41.09962,-72.36112,0.0,295.6,511.0,DILIGENCE,IMO8038326,WDG3289,30.0,,23.0,6.0,,,B
367602540,2022-03-31T21:57:44,29.21632,-90.22052,0.0,238.5,210.0,JOHN JACOB,IMO9732280,WDH2922,60.0,0.0,62.0,9.0,3.0,60.0,A
316022038,2022-03-31T00:38:33,49.22447,-123.21378,7.8,111.6,511.0,OCEAN GORDON,,,31.0,15.0,14.0,5.0,0.5,52.0,A
367053620,2022-03-31T08:51:30,29.60288,-89.8664,0.1,281.7,511.0,MISS EFFIE,,WYR3654,60.0,0.0,13.0,4.0,,30.0,A
367106130,2022-03-31T15:42:58,30.29128,-91.22757,6.3,135.3,511.0,MERLIN BANTA,,WDC9741,31.0,15.0,36.0,8.0,,31.0,A
367104060,2022-03-31T20:42:26,34.36263,-119.55249,11.3,241.8,335.0,ALAN T,IMO8982577,WDC9571,60.0,0.0,28.0,7.0,,42.0,A
368141510,2022-03-31T19:37:43,40.70425,-73.97605,0.0,138.7,293.0,WHITE SANDS,,WDL5481,60.0,0.0,26.0,8.0,0.0,60.0,A
338393467,2022-03-31T18:25:39,30.35086,-81.44929,0.1,360.0,67.0,MILKY WAY,IMO0000000,,37.0,,12.0,3.0,,,B
636017670,2022-03-31T16:21:16,36.90498,-76.32665,0.0,90.2,353.0,AL SAFAT,IMO9349497,D5MD9,70.0,5.0,306.0,40.0,12.2,70.0,A
338207534,2022-03-31T08:36:57,37.83126,-76.2857,0.1,64.5,511.0,MARISOL,IMO0000000,,37.0,,12.0,5.0,,,B
338173000,2022-03-31T17:25:01,29.34918,-90.24685,0.2,230.9,511.0,MR CADE,IMO9307774,WDH4027,60.0,5.0,49.0,9.0,1.9,60.0,A
338459000,2022-03-31T23:36:02,13.9661,144.49455,16.1,176.4,173.0,CMA CGM HERODOTE,IMO9360142,KGMQ,70.0,0.0,170.0,27.0,7.3,70.0,A
367512930,2022-03-31T16:49:18,37.04596,-88.53979,0.0,272.7,137.0,ANGIE A,,WDG2175,31.0,12.0,21.0,,,57.0,A
367702470,2022-03-31T04:50:31,30.00396,-90.79656,0.0,128.1,223.0,SAFETY LEGEND,,WDI4831,31.0,0.0,21.0,8.0,,31.0,A
338100519,2022-03-31T13:24:56,37.00702,-88.22351,0.0,0.0,511.0,GRUMPY,,,37.0,,17.0,5.0,,,B
366999413,2022-03-31T11:47:52,40.68415,-74.07207,6.1,133.8,131.0,GELBERMAN,,AEUV,90.0,0.0,26.0,,,98.0,A
338305459,2022-03-31T01:58:44,25.76119,-80.14315,0.0,360.0,269.0,WKENDBERNIES,IMO0000000,WKENDB,37.0,,21.0,7.0,,,B
309764000,2022-03-31T08:27:29,48.67886,-123.25275,10.6,175.3,176.0,KITE ARROW,IMO9077082,C6ON2,70.0,0.0,199.0,32.0,13.5,70.0,A
367507690,2022-03-31T00:37:08,42.26151,-90.42255,0.1,360.0,511.0,RIVER RAT,,WDF9680,52.0,15.0,10.0,3.0,2.0,52.0,A
367163760,2022-03-31T02:53:36,29.32896,-94.77332,0.0,335.6,511.0,GIBB GILCHRIST,IMO8643171,WDJ3397,60.0,0.0,80.0,20.0,,60.0,A
369970732,2022-03-31T15:04:40,41.42399,-90.9428,7.4,291.3,511.0,GORDON M STEVENS,,APPLY,90.0,0.0,37.0,10.0,2.4,52.0,A
367394940,2022-03-31T03:22:01,28.41571,-80.62344,0.0,188.8,179.0,ESCAMBIA,IMO9190951,WDE7575,31.0,0.0,27.0,15.0,1.6,31.0,A
367566130,2022-03-31T08:10:55,30.16205,-91.35974,0.0,334.8,511.0,SEACAT,,WDG7322,31.0,0.0,15.0,6.0,,52.0,A
367596760,2022-03-31T08:49:49,40.63878,-74.19284,0.0,16.5,215.0,CAPTAIN D,IMO8424587,WDH2354,31.0,0.0,27.0,7.0,3.0,52.0,A
636020369,2022-03-31T18:01:08,24.68878,-95.64587,2.8,297.4,222.0,CYAN NOVA,IMO9534004,D5YW9,80.0,0.0,333.0,60.0,11.0,80.0,A
367430070,2022-03-31T00:16:51,18.38703,-64.70171,0.1,183.6,511.0,DOWNSHIFTING,,WDF2629,37.0,0.0,14.0,5.0,,0.0,A
367071960,2022-03-31T06:39:53,37.95177,-121.32676,102.3,360.0,511.0,CLEO J BRUSCO,,WDC7480,31.0,0.0,21.0,7.0,,99.0,A
338229343,2022-03-31T06:09:01,36.83125,-75.97642,0.0,99.1,511.0,LURE EM INN,,,37.0,,15.0,,,,B
338065964,2022-03-31T07:18:47,30.27729,-81.71284,0.0,214.1,511.0,M/V COPEING,,WAE8888,37.0,0.0,19.0,6.0,1.5,37.0,A
367165270,2022-03-31T08:21:47,47.6348,-122.3284,0.1,203.9,511.0,CAMAI,,WDD5880,30.0,0.0,33.0,10.0,,30.0,A
366817510,2022-03-31T22:45:21,34.16794,-119.22766,0.0,0.0,511.0,MON AMIE',,WDA5193,37.0,,11.0,3.0,,,B
367339380,2022-03-31T14:13:53,26.09059,-80.17547,0.1,231.0,511.0,VIVERE,,WDE3461,37.0,11.0,30.0,7.0,,37.0,A
368032610,2022-03-31T18:19:59,30.72652,-88.05583,0.0,289.5,331.0,GENERAL ASHBURN,IMO0000039,WDK2121,90.0,0.0,32.0,9.0,9.0,32.0,A
366997390,2022-03-31T10:22:33,29.72287,-84.98028,0.0,122.1,511.0,CHARLES J CENAC,,WDC2762,31.0,5.0,18.0,7.0,,52.0,A
636016975,2022-03-31T05:35:52,25.73052,-80.06891,9.1,171.1,168.0,SEABOARD PATRIOT,IMO9395551,D5IR5,70.0,0.0,139.0,22.0,7.4,79.0,A
368130870,2022-03-31T23:40:07,40.70197,-73.97364,0.9,140.6,137.0,H91,,WDL4384,60.0,0.0,0.0,0.0,2.0,60.0,A
338313435,2022-03-31T08:16:57,36.9245,-76.18914,0.0,360.0,511.0,KNOT AT WORK,IMO0000000,,37.0,,14.0,4.0,,,B
316011407,2022-03-31T18:48:57,48.68966,-123.40996,0.0,57.5,235.0,COASTAL RENAISSANCE,IMO9332755,CFN4888,60.0,0.0,159.0,28.0,5.8,60.0,A
367488280,2022-03-31T20:05:44,47.65902,-122.37921,0.0,355.1,511.0,MUSKRAT,IMO5244259,WDF7801,30.0,9.0,25.0,8.0,2.9,30.0,A
368078410,2022-03-31T22:38:53,38.97333,-76.48281,0.1,360.0,511.0,HONDO,IMO0000000,WDK6818,37.0,,14.0,7.0,,,B
368115350,2022-03-31T20:23:12,43.75177,-70.10809,0.0,360.0,338.0,INDEPENDENCE,IMO0000000,WDL2784,60.0,,18.0,9.0,,,B
367524680,2022-03-31T23:26:58,38.22012,-85.85488,7.4,229.8,511.0,MADISEN ANN,,WDG3305,31.0,15.0,21.0,,,31.0,A
367610960,2022-03-31T11:49:46,29.55334,-88.65999,0.0,242.9,197.0,JAMIE G EYMARD,IMO9696137,WDH3792,90.0,1.0,47.0,20.0,2.3,0.0,A
367667630,2022-03-31T12:21:19,21.26351,-157.64107,7.4,277.2,511.0,PACIFIC DRAGON,IMO8956774,WDH9397,30.0,,24.0,7.0,,,B
367680660,2022-03-31T14:11:56,27.92797,-82.42843,1.8,164.5,511.0,RAVEN,IMO8856285,WDI2683,30.0,15.0,23.0,6.0,,0.0,A
367139770,2022-03-31T06:43:50,36.95333,-76.32883,0.0,246.0,511.0,KERRY MORAN,IMO6185826,WDD4068,31.0,5.0,32.0,8.0,4.8,52.0,A
431605000,2022-03-31T00:30:49,46.09533,-122.93513,9.2,115.1,115.0,VICTORIOUS ACE,IMO9610406,7KKN,70.0,0.0,200.0,32.0,8.5,70.0,A
338060234,2022-03-31T09:44:31,47.67855,-122.40967,0.0,360.0,511.0,TURTLE CRAWL,IMO0000000,,36.0,,14.0,4.0,,,B
367486750,2022-03-31T21:50:40,30.03933,-93.33437,0.0,270.1,177.0,TRISTAN K,IMO9636773,WDF7657,31.0,5.0,30.0,12.0,4.1,52.0,A
366978210,2022-03-31T18:19:52,29.32767,-94.77371,0.0,325.0,511.0,DEWITT C GREER,IMO9102019,WCP3759,60.0,0.0,80.0,19.0,3.4,66.0,A
366998680,2022-03-31T12:56:54,37.82175,-122.3108,0.0,360.0,511.0,PATRIOT,IMO8332473,WDC2859,31.0,5.0,28.0,10.0,3.6,52.0,A
367354360,2022-03-31T11:00:25,41.35533,-72.0915,0.0,20.0,110.0,CAPE HENLOPEN,IMO5381978,WM5958,60.0,0.0,96.0,15.0,3.0,60.0,A
368072050,2022-03-31T12:49:48,29.85475,-91.41464,10.1,134.2,123.0,BOWIE,,WDK6183,57.0,12.0,119.0,34.0,3.1,57.0,A
367028880,2022-03-31T10:20:32,29.61426,-95.01259,0.0,329.3,511.0,DINO JOHN,,WCX6387,31.0,0.0,15.0,6.0,,52.0,A
367007770,2022-03-31T06:36:42,29.56645,-90.38665,7.3,19.6,511.0,LADY JOSIE,,WDC3433,31.0,0.0,19.0,8.0,,57.0,A
368099320,2022-03-31T04:20:37,29.59647,-94.94292,4.4,326.5,511.0,CYNTHIA K,IMO1294530,WDK8982,57.0,0.0,117.0,34.0,2.4,57.0,A
338365776,2022-03-31T21:11:38,36.90391,-76.06683,0.0,360.0,511.0,REEL BLONDE,IMO0000000,,37.0,,6.0,3.0,,,B
367498910,2022-03-31T08:45:31,29.65825,-91.4254,10.1,293.4,511.0,DELTA RULER,IMO8037164,WDF8818,31.0,0.0,20.0,7.0,,52.0,A
538009620,2022-03-31T18:23:52,28.02245,-90.59592,12.2,263.0,261.0,GRACEFUL GERTRUDE,IMO9370408,V7A4965,79.0,0.0,179.0,28.0,8.9,79.0,A
366832740,2022-03-31T04:43:46,41.48604,-74.00661,0.0,357.7,8.0,CHRISTIAN REINAUER,IMO9263289,WDA6472,31.0,5.0,37.0,12.0,5.8,12.0,A
316011736,2022-03-31T00:44:48,49.16878,-123.93482,0.0,258.3,102.0,NANAIMO PORTSECURITY,,,50.0,0.0,,,,50.0,A
367002220,2022-03-31T02:58:53,38.56206,-121.54579,0.0,354.4,511.0,DORINE BRUSCO,IMO8034851,WDC3068,31.0,0.0,30.0,8.0,3.9,52.0,A
367315540,2022-03-31T04:17:33,25.76442,-80.14526,0.1,265.9,511.0,FLAMINGO,,FLAMING,69.0,0.0,30.0,16.0,0.0,69.0,A
367041550,2022-03-31T16:47:47,30.10428,-90.9723,0.0,135.8,291.0,KEVIN CONWAY,IMO8992338,WDC5466,31.0,12.0,42.0,11.0,,31.0,A
367768450,2022-03-31T09:15:41,29.91152,-90.11578,0.1,105.3,1.0,SOUTH CAROLINA,,WDJ3489,31.0,0.0,,,,52.0,A
338339802,2022-03-31T00:36:20,48.10777,-122.7732,0.0,23.1,511.0,SOL DUC,IMO0000000,,30.0,,4.0,4.0,,,B
338233531,2022-03-31T10:44:12,47.62905,-122.39105,0.0,360.0,511.0,CATALYST,IMO0000000,,36.0,,14.0,4.0,,,B
367096360,2022-03-31T03:10:49,30.0809,-93.32747,0.0,344.6,261.0,TIM BURNS,,WDC9010,31.0,0.0,26.0,9.0,,31.0,A
477183900,2022-03-31T05:54:39,40.68107,-74.14993,0.0,168.5,308.0,COSCO JASMINE,IMO9785768,VRRY2,71.0,5.0,365.0,48.0,14.7,71.0,A
366766090,2022-03-31T19:38:58,26.09168,-80.1779,0.0,55.0,511.0,DESTINY,,WCZ2621,37.0,0.0,28.0,,,37.0,A
564187000,2022-03-31T06:07:59,29.96172,-90.2959,0.4,317.9,237.0,FSL SINGAPORE,IMO9311725,9VVN2,80.0,1.0,183.0,32.0,12.5,80.0,A
319017100,2022-03-31T16:50:03,26.77832,-80.05281,0.0,0.0,1.0,CORINTHIAN,IMO1005837,ZGAH2,37.0,15.0,39.0,9.0,2.8,0.0,A
338432955,2022-03-31T16:32:28,37.55991,-122.26999,0.1,360.0,511.0,RESCUE JET SKI 28D,IMO0000000,WDL9654,51.0,,0.0,0.0,,,B
368010420,2022-03-31T22:42:46,40.60938,-74.204,7.9,184.0,181.0,KRISTIN POLING,IMO9378759,WDJ7820,31.0,0.0,35.0,10.0,4.4,57.0,A
367719060,2022-03-31T18:00:06,38.18308,-81.34537,0.0,360.0,511.0,AUDREY HECKMAN,,WDI6473,31.0,15.0,17.0,,,0.0,A
367541690,2022-03-31T13:23:01,29.96187,-90.29739,1.0,55.5,511.0,LOUISIANA LAGNIAPPE,,WDG4942,31.0,0.0,19.0,,,90.0,A
316006155,2022-03-31T12:44:52,49.20118,-123.03414,0.0,15.9,126.0,DD CATHERWOOD,IMO7391965,CZ5502,31.0,5.0,21.0,7.0,3.0,32.0,A
367473510,2022-03-31T10:15:29,32.69029,-80.22369,0.0,315.0,511.0,ISLAND EXPRESS,,WDF6367,31.0,0.0,16.0,6.0,,52.0,A
538004742,2022-03-31T15:04:43,29.64488,-91.10612,0.0,350.5,511.0,BRAVANTE V,IMO9645619,V7YV5,90.0,0.0,86.0,18.0,5.9,70.0,A
367702730,2022-03-31T12:56:04,30.38686,-88.85112,5.1,91.8,511.0,TREY PAUL,IMO8644462,WDI4854,31.0,0.0,19.0,7.0,,31.0,A
367616140,2022-03-31T00:17:04,29.46578,-92.29123,1.3,99.5,511.0,THIEN THANH,IMO8969434,WDH4287,30.0,,25.0,7.0,,,B
367002060,2022-03-31T07:36:21,29.6772,-91.22479,0.0,249.7,511.0,MISS KERRILYN,,WDC3054,31.0,0.0,19.0,7.0,,52.0,A
338416267,2022-03-31T04:48:10,47.33438,-122.58383,0.3,360.0,511.0,TNT,IMO0000000,,37.0,,16.0,5.0,,,B
368009880,2022-03-31T23:58:02,41.57348,-88.07652,3.5,194.3,511.0,DELBERT E KNOY,,WDJ7763,31.0,1.0,25.0,9.0,,31.0,A
538070338,2022-03-31T10:54:54,26.09695,-80.16319,0.0,24.1,90.0,KAUHALE KAI,,V7MC9,37.0,0.0,23.0,7.0,,37.0,A
367057530,2022-03-31T12:11:38,29.9353,-90.14215,0.1,242.0,168.0,SONNY IVEY,,WDC6528,31.0,0.0,40.0,10.0,,31.0,A
368941000,2022-03-31T14:59:51,44.10396,-69.10112,0.2,277.0,97.0,CG ABBIE BURGESS,IMO9155602,NVAF,90.0,0.0,53.0,10.0,2.4,55.0,A
367563360,2022-03-31T20:30:13,29.2511,-89.35813,0.1,261.2,511.0,DUTCH GIRL,IMO8660088,WDG7047,60.0,0.0,37.0,8.0,,60.0,A
636016975,2022-03-31T05:34:31,25.73394,-80.06959,9.4,168.0,168.0,SEABOARD PATRIOT,IMO9395551,D5IR5,70.0,0.0,139.0,22.0,7.4,79.0,A
367647270,2022-03-31T20:18:31,34.37394,-120.16424,0.6,313.1,328.0,JOHN HENRY,IMO8978174,WDH7347,60.0,0.0,29.0,7.0,,39.0,A
367169710,2022-03-31T15:20:46,39.2441,-76.60294,0.0,77.2,511.0,CAPT TED,,WDD6210,31.0,0.0,20.0,7.0,,52.0,A
366963160,2022-03-31T21:35:13,38.87484,-82.14127,0.0,227.3,166.0,HARRY R JACOBSON,,WDB8713,31.0,12.0,43.0,13.0,,57.0,A
367610550,2022-03-31T04:01:17,29.96868,-93.85975,0.0,219.8,217.0,MISS CAROLINE,,WDH3754,31.0,12.0,22.0,,,52.0,A
366998090,2022-03-31T22:50:42,49.15528,-123.00567,0.0,315.0,63.0,MAUNA LOA,IMO5229704,WDC2819,31.0,0.0,36.0,8.0,4.1,32.0,A
367403580,2022-03-31T20:55:40,27.81945,-97.47275,0.0,311.7,16.0,PASS CHRISTIAN,,WDE8273,31.0,12.0,23.0,10.0,,57.0,A
356466000,2022-03-31T08:00:17,28.72815,-89.36275,11.5,148.0,149.0,GINGA LYNX,IMO9442550,3EUG5,82.0,0.0,160.0,26.0,10.5,82.0,A
367619370,2022-03-31T17:22:51,28.92902,-89.94694,9.3,108.6,106.0,WHITETAIL,IMO9717307,WDH4596,90.0,0.0,61.0,14.0,4.3,70.0,A
368230010,2022-03-31T22:51:01,29.94441,-90.14222,0.0,345.4,511.0,CAPTAIN WALTER,IMO1321262,WDM7001,0.0,15.0,18.0,8.0,0.0,57.0,A
368158970,2022-03-31T20:00:07,30.3136,-87.43712,0.0,360.0,263.0,BIG EASY,IMO0000000,WDL7304,36.0,,11.0,4.0,,,B
367608860,2022-03-31T23:44:28,47.96428,-122.31693,14.6,114.0,113.0,WSF TOKITAE,IMO9720160,WDH3588,60.0,0.0,110.0,25.0,5.0,60.0,A
367170860,2022-03-31T22:43:01,46.16846,-123.91405,0.0,360.0,511.0,WRANGLER,IMO7520683,WDD6285,30.0,7.0,21.0,6.0,,30.0,A
